Aspest,Elevation,Slope,MAP,Distance to Roads,Distance to Faults,Distance to Rivers,NDVI,Lithology
-0.003278712,-0.0207426,0.032516675815085896,-0.016728127,-0.018555049,-0.000802654,-0.001112135,0.18403946518893793,0.0014416998890711056
0.0016543552115426399,-0.007714863,0.01524001561130675,0.0428949543779338,-0.026065031,-0.00057513,-0.003881726,-0.19338239,-0.003865049
-0.013553594,0.03582408847686935,0.017928821846765114,-0.00040349,0.04382469797352995,0.000225662335378506,-0.000652664,0.14071360164049532,0.003109686333967585
0.007597089677985081,0.023105838461063805,-0.07125455,-0.005475923,0.04218950443034235,-0.000430196,-0.000616993,0.11359329230827579,-0.001746023
0.015452184048406408,0.02520336024537441,0.02691712943496446,0.022978557216167643,0.031541242928793144,-0.000119276,-0.000639743,0.14573691351936327,0.0005708228552518413
-0.014117988,0.02748815635818931,0.025145949368507253,-0.0025276,-0.019663889,-0.000302165,-0.001172533,0.152947657092303,0.0012653414841098801
-0.016090782,0.04010985262033522,0.036374209955891454,0.004595608197368174,0.016771194218620472,-0.000135707,-0.000573517,0.11415224641461826,0.0006003192610249688
-0.011795925,-0.028575948,0.0018172958033608804,-0.01922249,-0.020085637,-0.000435032,-0.000944506,0.1620295738608138,0.002446021992022094
0.017570736917253357,-0.083201632,-0.097255532,-0.020781841,0.07412337885874043,0.00465000356669113,-0.001979184,0.033757367840887814,0.010105914937047092
-0.011118387,-0.019302087,-0.083171635,-0.03606337,-0.028380774,-2.79E-05,-0.003334221,0.006195096117045394,0.0009145425381616181
0.0015371895795375297,-0.024268424,0.010153172913313812,-0.001836556,-0.019805994,-0.000758135,-0.004391901,-0.191951818,0.0013718400203125219
-0.006377589,0.002608244742885213,0.01319455925741496,-0.02250186,-0.037078083,-0.000713513,-0.005032713,-0.229962095,0.006788324603931291
0.0057797989126586406,0.028054381504106076,0.014173000146345182,-0.021154374,-0.028705166,0.0022745796878088846,-0.004832791,-0.214729177,0.0018417309635378799
-0.000762757,0.02821690288704621,0.03569189461780139,-0.003256898,-0.018182176,-0.000519765,-0.001286613,0.16894906970651818,0.0035949774205820736
0.0032604021679534592,0.030147365128508553,0.01876376538392547,-0.018747062,-0.035102313,-0.000874552,-0.004445323,-0.220213488,0.0008492009691533783
0.001142067470530548,0.018285557429554677,-0.106760708,-0.001051744,-0.011858755,-0.000618394,-0.000920969,0.1328157048116156,0.0030036033856900954
-0.00126888,-0.007879514,0.002334965904675962,-0.040867805,-0.036354566,-0.000774742,-0.005010103,-0.205404474,-0.002023788
0.006395406764098068,0.034031424352398185,0.011324823986736152,0.04898426109639586,-0.025194939,-0.000302115,-0.00525909,-0.19455107,-0.002927646
-0.01826262,-0.023351298,0.022105412608090548,-0.023241498,0.09402731764994743,-0.000471234,-0.002923517,-0.060588801,-9.95E-05
0.003077751416970155,0.01680744791461271,0.03661956021771552,0.041414179253650554,-0.012544801,-0.000465136,0.010866084585614923,0.11868828523739298,0.00157767612218067
0.0014610557032294022,0.03638216728041331,-0.004852582,-0.013093546,-0.022069172,-0.000491551,-0.004767802,-0.200810823,0.0010017669035088544
0.006193859445012297,0.017659210185225444,-0.096881505,0.012115052537249526,0.06208142305055289,5.898515878182251e-05,0.03841010496674336,-0.101796233,0.002592090187753696
0.008158337348751429,0.0033298432867318963,0.013441899675890595,0.022129252396798953,-0.027420803,-0.000362555,-0.005050406,-0.194184208,-0.0018811
-0.009152632,0.022090638619595163,0.005806151516221705,-0.001552362,0.08391049493821401,-4.03E-05,-0.003675428,-0.156981898,0.005779131793767997
0.009163982773995716,0.003646678191563676,-0.082988466,0.042532118739286556,-0.021419494,-0.00010676,-0.00295734,0.10645602524417012,0.011840735831724642
0.003110891908834475,0.025759517396423025,-0.009141604,0.05380031376742848,-0.027156914,-0.000475379,-0.004349607,-0.179143719,-0.002807987
-0.003294661,-0.026794013,-0.012612134,-0.029630766,-0.027597333,-0.000671751,-0.004556093,-0.15275249,0.0026485609422552767
-0.020047151,0.03532250894053288,0.03430071853273494,-0.008937771,-0.016707452,-0.000302016,-0.00099442,0.10519479364483002,0.004941406240664774
0.004115980717584842,-0.021821697,-0.020634252,0.004490518315543813,-0.032630541,-0.00080343,-0.004102043,-0.084793556,0.0036047408577412447
0.00903259715676151,0.004132188917245251,-0.016862175,0.04379297387113173,0.06913078207920761,-7.60E-05,-0.001970279,-0.064477317,0.0011269699805675811
0.0062979335103912,0.01859982434343706,-0.214048085,0.012528460335361228,-0.006895058,-0.000428556,-0.002925442,0.09774354598501443,0.005817125309289918
-0.009914364,-0.091716529,0.019889068740012755,-0.031598389,-0.031371849,-0.00079689,-0.004201476,-0.086562965,0.002874701424673434
0.0008726989531199691,0.031770049623749734,-0.004388986,0.01665840933893497,0.01821557009916799,-0.002521205,-0.001350383,0.07196456335850686,0.006160939037634243
0.010117340152402109,0.022801108271066153,0.02293938596917969,0.005400974807697166,-0.0308814,-0.000438371,-0.005165171,-0.185468331,0.0004870741798314558
0.023700999061548326,-0.090288954,-0.075964704,-0.018038089,0.08535831998706166,-0.001428389,-0.004222031,0.014278484774316785,-0.000561428
-0.006517875,0.03168638080990426,0.01878112201375675,0.031729386659993045,-0.025052869,-0.000376739,-0.004834199,-0.153887002,-0.00257247
-0.015149974,-0.007900398,0.036996112989856535,0.04825417839112649,0.011448108214222022,-0.000165616,0.0071592282690210885,0.06988574713240128,0.005562643487234635
0.002464893437415674,-0.088750882,0.011255865752687454,0.01576814432055465,-0.027806117,-0.000395314,-0.005022776,-0.193326807,0.0004867674372074469
-0.016055396,0.03699134611781983,0.0374791177328597,-0.000712524,-0.016118478,-0.000580667,-0.000765844,0.12518916918393097,0.0020820876425085393
0.008954338222159141,0.031195188935407476,0.014896576861419856,-0.028408255,-0.018967372,-0.000551474,-0.005108866,-0.218618285,0.000937009682247527
0.000279473385583283,0.035578362861998135,0.03087364011094698,0.025838214127626054,-0.013311482,-0.000445699,-0.001250531,0.09490358073127379,0.002566440535250955
-0.010362084,0.02699364830399247,0.019001910694964923,0.027528027468304943,-0.015185804,-0.000453704,-0.001346161,0.14707284297679343,0.004069086491842081
0.02152751733462934,0.026568887969094828,0.035580073170645814,0.02277286433404475,-0.01553468,-2.04E-05,-0.001043705,0.17049953119291938,0.0032179235334214807
0.0005801859919351573,0.03155553302307877,0.03864388788312285,0.01370690704932385,0.03696125358471101,0.00011967421107976057,0.009897765279927025,0.08448970517185711,0.008826175117617735
0.0018597649872552334,0.026840734378210978,0.02199182675302946,-0.025395148,0.06329769634993088,0.0002929915278166315,-0.001725226,0.013289971280424423,-0.001383552
0.0017462751937390548,-0.051779739,-0.138110663,-0.00462603,0.051849714063847196,0.004442639822199125,-0.002597219,0.07181851962974854,0.00657446115911758
-0.003036803,0.015538835237408828,0.017255108875579298,0.030539472477805557,-0.02836123,-0.000643912,-0.004878804,-0.207359776,-0.00332689
0.009544732739751155,0.014348633345098213,0.009104327525314898,0.083899532826485,-0.027666226,-0.000570347,-0.00311975,-0.155548907,0.003578600142299095
-0.013844424,0.03907687550311483,0.03239435253590944,-0.022411103,-0.017702614,-0.000390113,-0.001189416,0.11406094979206195,0.009994601068568467
-0.000107984,0.026632680095575775,-0.003898996,0.001457422391225929,-0.025576785,-0.000694937,-0.005386562,-0.157770731,0.002791336432142511
0.01100977619300524,0.013317820241341581,-0.028172723,0.0335038569186968,0.03513283488336714,-0.000190335,0.009903062517449046,0.05931907427830628,0.002001558747268526
0.007262895113725029,0.016939484868809352,-0.036411585,-0.005628981,-0.035809538,0.006577557021050745,-0.004260005,-0.061028431,-0.002314543
0.0010622197136335135,0.022971939994347823,0.016631256507408886,-0.021508225,-0.034018215,-0.000730281,-0.004384208,-0.20706465,0.0006520327892260666
-0.006120448,-0.03122335,-0.040618412,-0.016150111,-0.015167796,-0.000963525,-0.000738068,0.1633448670924932,0.0031131486422925074
-0.014312903,0.020933926785238758,0.024152140321172275,-0.003591339,-0.033946811,-0.000502408,-0.004338589,-0.082061419,-0.000346122
0.00464402601909445,0.021619109542262323,0.007292411505245519,0.0009764435127815531,-0.031124977,-0.000358329,-0.005140596,-0.203712686,0.002061954198811844
0.008630010461022453,0.0174832586579829,0.022039366639308514,0.06467281241486446,-0.021023614,-0.000530801,0.03476609049998897,-0.131538759,0.004347294648285373
0.0012159600972026638,0.023514331287697154,0.020851852269724726,-0.006952181,-0.03710029,-0.000344682,-0.004280718,-0.087292045,-0.001312682
-0.015051528,0.038926675970866034,-0.031715048,-0.011458992,-0.021209556,9.261823446562243e-05,-0.002250046,0.0351853013703145,0.0018106764651838157
0.007137285012079461,0.019478031708111788,0.018214810698833704,0.024557498037059988,0.04044361247414442,0.00010808838311163934,-0.003811866,-0.174751384,-0.004970314
-0.003237615,0.016870995647247738,-0.011799098,0.05438804846997191,-0.015228711,-0.000484249,-0.000892035,0.11375165670891063,0.0011774015005627508
0.005377207461518842,-0.016256843,0.012528459639270222,0.01798697401550339,-0.026175387,-0.000548007,-0.004503044,-0.188418248,0.0025168467008154605
0.00661213148687998,0.014750093513094819,0.013248368461311796,-0.025504832,-0.033879363,-0.000960963,-0.004510487,-0.22271571,0.0007290012358489257
0.010656903172172794,-0.00439048,-0.034240706,-0.025070872,-0.016715403,-0.00026929,-0.004192341,-0.060545825,0.00029399700336572615
0.010910977461476618,0.03824402406389668,0.005494153729751189,0.0029857149564782026,-0.019869997,-0.000249678,-0.000761583,0.1770088032628864,-0.000568004
-0.008463586,0.052035309419168195,-0.063367298,0.00904787722728859,-0.020123141,-0.000342737,-0.001013239,0.11273655721144173,0.0006599437488851151
0.002146667122976863,0.0364376177764257,-0.029124561,0.04496912866360429,-0.027362456,-0.0002906,-0.00440904,-0.082851793,-0.003400168
-0.017943577,0.011758395717225081,0.034512134135677254,-0.029049987,-0.017999343,-0.000648052,-0.001386734,0.10570897871996221,-0.00136766
0.012804629645331397,0.02274554537207217,-0.191897466,0.014036316889900605,0.028565186407086197,-0.003516232,0.010063378858165703,0.07160615817321754,0.015287683861743439
0.011371701480807473,0.029049698900577868,0.03537663383291024,0.030103056505764947,0.02688219117142548,-0.000417303,-0.000236444,0.1301097356841625,0.0018183925940652317
-0.001384809,0.023575908355116536,-0.006412795,-0.006946057,0.044175983752499585,-0.000103606,-0.004629387,-0.162756263,0.0028531155543469033
-0.003390669,0.026655741106069508,0.0019428032806159765,-0.00425443,0.09126183648934935,0.00034441464024216465,-0.003318708,-0.189614716,0.0026762022521697897
-0.003958663,0.014744629865155644,-0.019129155,0.07331215396754948,-0.030429354,-0.000569839,-0.005277935,-0.180985735,0.0013147289413431192
-0.006949163,0.02500592535847715,0.018675565986318178,-0.002681832,-0.02503237,-0.000118575,-0.002974909,0.0011933253046565522,0.0038552725677289765
0.002763066172757061,0.014879299093451558,-0.020749419,0.042044543522427084,0.030078228025718967,-5.37E-05,0.009652830642709186,0.050840017489376464,0.002317916332233457
-0.016894039,0.03678284995113188,-0.013916444,-0.028506934,0.06678480843071269,0.0002511665110047818,-0.001891024,0.013055196013434035,-0.001638254
0.010081423571797324,0.029606648742799863,0.005770698298164164,-0.024970294,0.07216370569409152,0.00066476218403089,-0.001384368,0.012646214779373745,-0.001166825
-0.011262043,0.015022474383393257,0.01574836088418686,-0.046817352,-0.033489517,-0.000673945,-0.004524246,-0.104104341,-0.000143632
-0.002248551,0.019684075973676194,-0.000346161,-0.008925885,0.04377912920865799,-0.000364219,-0.003569553,-0.165086761,0.002671412996752175
0.005721833105308828,0.03601519538789647,0.011291792240569433,-0.028225642,-0.033876259,-0.000765338,-0.004546143,-0.224078959,0.0010365653896240328
0.004017623850690007,0.007394273004115764,-0.024733993,0.03230654345897709,0.06743889582810425,7.375349432081967e-05,-0.003858302,-0.140780633,-0.004998049
-0.020998694,0.03147479751621513,0.02161691184482441,0.0010853652517198045,0.07117421889285934,8.387240117486243e-05,-0.003258758,-0.064704776,-0.001555417
0.0011859464072448193,-0.019313457,0.03756930713850774,-0.03637603,-0.021362288,-0.000591094,-0.001656819,0.08356987398822459,-0.001784786
-0.003088469,-0.07342112,-0.049989941,-0.033722837,-0.044401994,0.005412742167226998,-0.004404322,-0.064044772,0.005701033251569629
-0.008046368,0.021897924643783255,0.023458213566476684,0.044520801517177376,0.07078399559089313,-6.30E-05,-0.002979457,-0.080495788,0.0041155866072526155
0.005569756442333759,0.033507559842094754,0.0168196763438803,0.0022290351730852517,-0.03194509,-0.000667881,-0.005561386,-0.203396035,0.0017460856356467634
0.016672454300908652,-0.037783393,0.038349338015041604,0.009512324719661935,-0.015921869,-0.00048085,-0.001324575,0.08133687290718894,0.002343024048602738
-0.009160856,0.037846991343604044,0.020141462694895484,0.05738598314638265,-0.024009497,-0.000641826,-0.004447313,-0.144688151,0.005602395796629386
0.007764233112524813,0.04171239310742266,-0.02032354,-0.003787122,-0.023255965,0.00016482685134255664,0.023346292717110223,0.020365123503065435,0.00034719390732526617
0.009138271949222931,0.03539447320047848,0.03256448333851202,0.035728238686827916,-0.010860159,-0.000418314,0.01149916843237692,0.13613801824445926,0.004010437702756063
-0.013128363,0.03301503039799523,0.01716355400027977,-0.003869924,0.039401273048539076,-0.000122174,-0.003074486,-0.056967799,-0.000314226
0.0022810840931414534,0.006855088567678941,0.010517248192941996,0.04333447917344464,-0.030916312,-0.000708571,-0.004680816,-0.204623289,-0.002522928
-0.013902768,0.015649804067545597,0.01721584192407235,-0.00617019,-0.029623417,0.002492057975424644,-0.004195597,-0.101620224,0.003873939684761077
-0.000838927,0.036627825683382305,0.0232763420574364,0.00021213982901366633,0.10019095977808525,0.0001961154400785409,-0.002447506,-0.042528824,0.006793994717307875
0.016663431737172475,-0.099028311,-0.001842795,0.0542789807374812,-0.018401845,-0.003553051,0.01651178374385067,0.09588267659525583,0.0004312831423318587
0.00023837961297657476,-0.011222827,-0.040258878,-0.04141481,-0.038152006,0.003496529484750231,-0.005516213,-0.190269951,5.5197511388805976e-05
-0.006757207,-0.017838538,0.011823695453030093,0.03576334492215831,-0.028068628,-0.000432421,-0.004709045,-0.191108575,-0.004050313
-0.002385449,0.03149261151887553,0.03563912494001496,-0.001646652,-0.018928276,-0.000512028,-0.00112605,0.15485702166315882,0.0031498114346198546
-0.016946315,-0.130081921,0.015619610081582119,-0.012073275,0.02289857527655204,-0.004160162,-0.004819175,0.08014183203459878,0.011187965493868876
-0.009548808,-0.051280122,0.024530901933506925,-0.029338508,0.11256873895791569,-0.0005477,-0.003396311,-0.040788125,-0.002964587
0.02046595921563967,0.038522345606891606,-0.060956377,-0.0020976,0.04929687328749795,0.0005144222006008449,-0.001397771,0.025158547932870735,0.0028397505122697998
-0.007011176,0.02296899913463291,0.017629603038140835,0.020733308806512356,-0.030714652,-0.000330847,-0.004573837,-0.14814056,-0.001648776
0.0007974933618868385,0.032157659132906344,0.014248732776947838,-0.017745852,-0.030010246,-0.000427688,-0.003807677,-0.092319503,0.0015897431893215463
0.01651533895247883,-0.099788264,-0.001523805,-0.031410163,-0.029402425,-0.00081216,-0.004387391,-0.21718717,-0.000502315
-0.002629646,0.019432642606991575,0.0130424747489604,0.058430515528434056,0.02294136604268466,-0.000938907,-0.003367197,-0.145833093,-0.001549011
0.007208770552670481,0.016345339262295113,0.01744922479802634,-0.002058132,-0.016491845,-0.000294333,-0.001779957,0.0780861714533973,0.0071655983629067286
0.0068583250399099046,0.03142051080237702,-0.049108965,0.030219559972145375,-0.017279592,0.00044077710593948516,-0.002148031,0.0035027436678723677,-0.002651431
0.002459274877734647,0.016614073886683324,-0.005360769,-0.010868292,0.05956306516788646,-0.000265833,-0.00366931,-0.185105081,0.0018531396655173049
0.002807711011693536,0.02650076648569412,-0.033257919,0.018447747999538713,-0.03259293,-0.000337339,-0.005196435,-0.16205386,-0.001611549
0.005674556977206198,0.01406057065311712,0.017969491108711818,0.0543823008693722,0.0803002775125623,-0.000109848,-0.003673339,-0.139981797,0.002641737342619119
-0.012517952,0.03158391308802283,0.03868986939142604,0.0027219473376037255,0.048600519075466767,-9.75E-05,-0.000535232,0.11838251842870291,0.0012965760074791098
0.0017958892760418213,0.01367157725412828,0.015950909002324355,0.037437112367616834,-0.011673441,-0.000841992,-0.001752439,0.14194713965927713,0.003920677072470317
-0.010693645,0.03482717823777052,0.033124987144834944,0.021903098046494568,0.010110570829299248,-0.00027623,0.009698126512427114,0.12069974373639271,0.006103808973269878
-0.003960526,-0.062898887,0.024917932082869784,0.03742787399166435,-0.028751661,-0.001706175,0.032383590691776265,-0.041941329,0.0029746197350944397
-0.001946923,0.030052952619905822,0.03577717144573033,0.0011403818869640016,-0.014386764,-0.000575629,-0.000950435,0.11422759223709181,0.0023478098470156978
-0.010813192,0.032396661630563255,0.024697476603923345,0.021954346195172093,0.01015109836658211,-0.000198166,-0.001144426,0.10037115320086835,0.005332829831157574
-0.005958624,0.01545662506060334,0.019807723550659972,0.03597226115769545,-0.026900161,-0.000353805,-0.003705367,-0.099859279,-0.005619763
0.003428140838404204,0.0047420516756306675,0.008505662438690166,0.07089572197566495,0.030002280162297956,5.495590149931032e-05,-0.003205308,-0.158860055,0.003562771130281538
0.007658734416960869,-0.102453561,-0.02719811,-0.026036317,-0.029075463,0.004746199926576066,-0.002428456,0.04292196241744585,0.009277153920100234
-0.008197612,-0.028667857,0.0009881297503474215,-0.018387438,0.08268538047785913,-0.000404872,-0.003766134,-0.1586263,0.0005524949685134055
0.007839858079999675,0.03376346639310352,-0.039265607,0.01735114045620162,-0.019081084,-6.31E-05,-0.002338324,0.15750237823395377,0.0019648542684283232
0.014956437225015681,-0.073338024,-0.000428951,-0.035586388,-0.016444949,-0.001186476,-0.003312794,-0.053681481,-0.000622282
0.006785218654160169,0.01793909099779312,0.015778527212089298,-0.022505874,-0.033476773,-0.000717438,-0.004909978,-0.238053548,0.00108033510429868
0.010477069202222444,-0.09056025,0.015791849374086578,-0.023265051,-0.015785291,0.002361134279001275,-0.001621992,0.19484843568049315,0.004437607769271137
0.00794728912609256,0.0209177565053722,0.021872163745688046,0.03120778508532533,-0.030434705,-0.000633481,-0.003599572,-0.085310632,-0.003929641
-0.009821959,-0.014222485,0.01565155970249863,0.01018146466836782,-0.03087815,-0.000576414,-0.004318276,-0.116350574,0.0038673937383297626
-0.01465255,0.0385880155688046,0.02867844046634976,-0.01309741,-0.018826229,-0.0001536,-0.001007478,0.1711355856054133,0.011568349518981157
-0.004654952,0.026725232978946127,0.008499135667648674,-0.004356418,-0.024139266,-0.000389224,-0.005145955,-0.173911508,0.0009676608388333365
-0.003079267,-0.083575972,-0.014069116,-0.011523141,-0.028369927,-0.000494497,-0.004606538,-0.072109395,0.00537426594145465
0.0008430301280541136,0.015938911055265417,0.009093043986629658,-0.025123984,-0.035441674,-0.000716869,-0.004940662,-0.212126252,-0.00081431
0.0002933974493531737,0.03792318113386747,-0.010913887,0.04201711144408326,-0.025493862,-0.000492953,0.05187396476876581,-0.161961578,-0.001476325
-0.015865122,-0.073437365,0.02210112509230127,0.002740930316456937,-0.017351386,-0.000533781,-0.001378668,0.11187647019203971,0.002489310690969731
0.000412054777042005,0.012637229614796812,0.033467410036349426,0.03835462248128392,0.04677726757706884,5.5082539774842796e-05,0.01869059496045787,0.013254824361604396,7.109795751773908e-05
-0.010240383,0.0401687633992195,-0.005386226,0.02646901906121203,0.02073124618783567,-6.03E-05,-0.000819523,0.09862038961886721,0.005039425837515395
-0.001577997,0.02530690592650131,0.01173597471354141,-0.018971869,-0.034713032,-0.000951374,-0.004734565,-0.24767725,0.0010001127567932804
-0.011874753,0.02589942828394775,-0.012684586,0.03446750434769474,0.005020004308964654,-0.000126535,-0.001212644,0.12597859541483206,0.006698927652394093
-0.010764157,-0.007621977,-0.087106475,-0.027032982,-0.023582153,-0.000406661,-0.001111576,0.09569652686241083,-0.00095422
0.00931859397388743,0.024903758812387704,0.005645894707429368,0.0021133029764545787,-0.024807823,-0.000715424,-0.005531873,-0.190332427,0.002784313241943315
0.007114051080967283,-0.078955803,0.036648163597043905,-0.014316876,0.060363420079419715,-0.002798006,0.010660572159973214,0.13665020780690998,0.014292707898495738
0.0021908589265997795,0.026963349097169895,0.011156605766536822,-0.004288382,-0.023801955,4.692931977257623e-05,-0.002049452,0.023640146231558582,-0.000392988
-0.002293908,-0.019816415,-0.028506679,-0.042128555,-0.033807605,-0.000584022,-0.005871936,-0.124036494,-5.10E-05
0.010366736375456143,-0.001636488,0.033334088691019205,0.042643128307721115,-0.014528506,-7.84E-05,0.010281676891295624,0.11322013387177307,0.012688160967737847
0.0045156897930552255,0.03482990234284763,0.03504927543683797,-0.002782792,-0.017474301,-0.00046008,0.010552082942535075,0.12263802523703744,0.001426548801192128
-0.000348389,-0.003027884,0.01905819815607914,-0.039125149,0.07480066166324226,-8.37E-05,-0.004144043,-0.17446257,-0.001746259
0.0060862909809030735,0.025407961878902166,0.012558116388884584,0.0012091953826256073,-0.024908232,-0.000410849,-0.004900633,-0.180263012,0.0005480043853846248
0.011722162816730552,0.015126806689321374,0.03833207695167011,-0.003589556,0.03695777619208548,0.00013059701285826614,-0.001049613,0.07754588880389265,0.0032546781219119276
-0.004866862,0.03974728639731492,0.03571099032349324,-0.006697208,-0.01603061,-0.000432047,-0.001461132,0.08449386778440236,0.004161861486980284
0.015743985166328637,-0.067889575,0.03491904532696385,-0.000627047,0.07082271835490626,-0.001464081,0.011124206111432477,0.08104310242464018,0.017875925055061383
-0.005564523,0.007022045244916509,0.024627992495183788,0.00465262385050469,-0.030367967,-0.000486754,-0.005144353,-0.185441163,-0.001643948
-0.012999488,0.009901041437299944,0.03268575335177188,0.035978613274080494,0.0379490454450622,-0.000397567,0.005594050436284883,0.09434983967738134,0.0001107342155744036
0.019583969198500327,0.03345546483181644,0.03417795010571357,0.0010433760872424133,-0.015013193,0.00025842883575680046,-0.001877689,0.034868187692980696,0.0036899849475714114
0.01078464961889339,0.01191974392917277,0.024135879527680926,0.0036865456811456623,0.042456670706948085,0.0002874447422198575,-0.00229099,-0.047345796,0.007316497561231239
0.017501786031831404,0.03609298312865939,0.029871074753023207,0.03148606318316438,-0.010723884,0.00038341166584990105,-0.001835029,0.03937571657296423,0.004807862776111399
-0.012658655,0.027363838431042647,0.03260280513655806,0.021146110859288955,0.02639788707269446,-0.001640149,0.00962966933006682,0.134645525466149,0.006903693910264453
-0.015134687,0.02828962336642091,0.0336631523534753,-0.001591902,-0.018751476,-0.000660362,-0.00094577,0.12056526332078689,-0.002354858
0.004940142737717548,0.025206162554725155,0.03356809330925657,-0.025615768,-0.019738707,-0.000246555,-0.001186251,0.17657490015532468,0.010946954765470427
-0.00281331,-0.05440004,0.007667543088438682,0.042178984008413835,-0.029766674,-0.000364678,-0.004335463,-0.184453265,-0.00228339
0.0035364640321245934,0.030908744793537814,0.0062106046147526696,-0.023412057,-0.018374355,-0.000652492,-0.005100704,-0.215282205,0.0010668464597705517
0.006060422795126142,0.029709644673742798,-0.02182588,0.001313147296732288,-0.029873285,-0.000378005,-0.005466698,-0.134289485,-1.16E-05
0.0053716203956138174,-0.009570156,-0.018694637,-0.040623464,-0.016302894,-0.000765868,-0.005013615,-0.148145557,-9.61E-05
0.0039195759025557105,0.02921626610884536,0.037678507993857996,-0.000497222,-0.016435937,-0.00236945,-0.001187887,0.14082796507698597,0.00010797348048491106
0.0019703106900248357,0.016796056974464773,-0.221998603,0.0028401323941749552,0.024081273939142892,-0.00028463,0.012780289780863766,0.07060326264216031,0.0025219598348757604
-0.004413503,0.04293057981022375,-0.072022105,-0.011624424,-0.019423325,-0.00027332,-0.001463265,0.10296201066979231,0.0014599975137453269
0.004713736972451847,0.02561309879526444,0.0018996295933246862,-0.003652335,-0.016292217,-0.000972959,-0.001115669,0.1391785438952872,0.002677937128314208
-0.002606184,0.03152365576360995,0.01057495175528791,0.012995134281712575,-0.014832329,-0.00373446,-0.001797455,0.15880419479904515,0.003013297985932434
-0.001433592,0.02973994346558717,0.03627671287831148,0.02070942068622684,0.03941329432568005,-0.00030742,-0.001067221,0.12447999002325412,0.006101940021124837
0.0016008161726030945,-0.000426125,0.016520342863902453,-0.034563858,0.04249667551815547,-0.000285812,-0.004032098,-0.185760354,-0.000295101
0.005460734958146446,0.026591429051095836,0.01650514418980661,-0.020346507,-0.021494766,-0.000571414,-0.004313673,-0.215805906,0.0005314378349414494
0.006294708860405168,0.03094337198930844,0.009175995623722105,-0.029264474,-0.017941593,-0.000531665,-0.005069714,-0.221179928,0.0027720770797907343
-0.005835236,0.015835918768284107,0.033740267670974246,0.03995928434922627,0.03536180692166287,-0.00032736,-0.000185788,0.12844388166443746,0.0003650290227057371
-0.009004462,0.03940115990959027,-0.048421621,-0.018981647,-0.019694726,5.7263087051253444e-05,-0.001222624,0.18232792772808618,0.007120724864537355
0.018820715223242093,-0.005548053,-0.084270869,-0.02712301,-0.021871444,-0.000396712,-0.001062126,0.09525954376894424,-0.000595493
0.011254628141658422,0.01939716562395915,-0.100763051,0.03276179995111633,-0.007152828,-5.18E-05,-0.001348659,0.1119681111785101,0.010833520704031919
-0.003859478,0.023414129381052654,0.01926059012394698,0.04051854000935587,-0.023035609,-0.00032434,0.034647556672505395,-0.170206404,-0.003621513
-0.008551596,0.02010119174519367,-0.137024986,0.02482890594713258,-0.005188895,0.0038416475465401713,-0.002626343,0.038294747091910754,-0.037553842
-0.013317399,0.02356862507003431,0.03365384965227302,0.024225094459760184,-0.015571084,-0.000342989,-0.001414447,0.15146459089901984,0.0028861053354036392
0.0056780039747654385,0.03575515429116516,-0.024943157,0.00045291869698599156,-0.031512529,-0.00059333,-0.005995114,-0.165351522,0.0020898255745777534
-0.010420443,0.022256744614540913,-0.062684499,0.01651323915014846,-0.01164933,0.0009403141877901272,0.01719496137707083,0.11672996007560778,0.007656839677583095
0.0035038785117830424,0.032253938230460154,-0.051692772,-0.017164229,-0.025577532,-0.00083481,-0.005793245,-0.172041959,0.0017480085933018862
-0.005919864,0.019396205601980826,-0.001846259,-0.001061722,-0.029615434,-0.000487664,-0.005338643,-0.129162093,-0.001388845
-0.001937261,-0.106445737,-0.01792009,-0.02889374,-0.028984783,-0.000689308,0.054290454616947044,-0.171127442,0.0024851784096776596
0.0009811744330479732,-0.005624895,0.007203279350853186,-0.034657087,-0.03755883,-0.000697157,-0.00534319,-0.21303426,0.008509937894287242
0.013310363862940617,0.03047622907554975,0.010374689432290444,-0.004030442,-0.021920943,-0.000606054,-0.002817962,-0.131274522,0.0012790302159685484
0.009125297569845543,-0.027123755,-0.085875357,-0.007236399,-0.02419182,-0.000332461,-0.004028605,0.09876345358908067,-0.000194205
-0.002323969,0.0409312143297104,0.02234067018184323,0.039391190112219664,-0.022576371,-0.000326701,0.05039895526723878,-0.082219951,0.0045714924278638085
0.012997082648605796,0.047258686201556745,-0.021635101,-0.001941088,-0.017894528,-0.000380945,-0.001679382,0.07112905624169563,0.0005676154642781339
-0.007382549,-0.103613413,0.010285682979378432,-0.026391827,0.038064361436706044,-0.000645659,-0.003731925,-0.193740408,0.0012464663509179057
0.004914705649666767,0.01585027028948547,0.01660252908261184,0.01648064366975674,0.05262799691531902,0.00039639484545123105,0.024142988305789988,-0.180608475,-0.002312779
0.007443453238077138,0.030954273549396092,0.029295287558467623,0.06170043276612255,-0.020093915,0.002473039032816427,0.037468681235423136,-0.162671185,0.0047230915792659395
-0.002620407,0.024693713948482184,-0.019596915,-0.035019715,0.05147638557691249,-5.22E-05,-0.004407472,-0.154853298,0.0018673933928857228
-0.010627288,0.038511430964407525,0.02079649684621988,-0.002985772,-0.017235399,-0.000500625,-0.001407276,0.15677792862373596,0.0002508428278126644
-0.008555625,0.019179173118025774,0.030147998140168237,-0.007798304,-0.018990242,-0.00030305,-0.000836908,0.19246515390585672,0.008992214480595064
-0.009056148,-0.0293585,-0.091480089,-0.000807731,0.061463662297949306,-0.001166961,0.03030346676333953,-0.061580679,-0.019240098
0.004691779728514872,0.011762713456089032,-0.021498411,0.05785555798972625,0.061450083017413816,0.0004479799184686918,0.019179279407294126,-0.108217204,0.003255531270956317
0.004181731389922362,-0.088681684,-0.023903719,-0.036070891,-0.042509316,-0.002638177,-0.006369265,-0.063348444,-0.000939757
0.0052516847511543075,0.03579251982505025,-0.071131488,0.02681140625429107,-0.021472028,0.00035269377718833653,0.012575847081151358,0.010891252862000465,0.0007862861453297001
-0.003557284,-0.020787129,0.01249906722949247,0.01790917660753465,-0.025606027,-0.000486487,-0.004494305,-0.179989679,0.0025452658867144064
0.010869359467164596,-0.093742739,-0.047347787,-0.027847063,-0.027582098,0.005660748929338387,-0.003613618,0.0686257105899472,0.014511437524347812
-0.007768886,0.02800509487387071,0.013878024136020123,0.028179547989522102,0.048678193932383866,0.0003060588776349067,0.01700009458568118,-0.089733309,-0.001376446
0.00284785672528985,0.03014121384675018,0.01002570216593711,-0.021817613,-0.033427293,-0.000890908,-0.004451853,-0.243211829,0.0009232329579465247
0.017065316423267876,0.03744384537558296,0.03544594556937037,0.04001974557495717,-0.009345163,0.0009920927750855226,-0.000432838,0.17276742572209214,0.005523464845217704
0.006502329108405716,0.02672300738970225,0.011614307226173199,-0.020983369,-0.031217295,-0.000808075,-0.004619975,-0.231151274,0.0010185756078876012
0.016247885583703485,0.03917030677330356,0.028326640348688748,0.010461577269330901,0.04282951522993214,0.0005181372059030731,-0.000539319,0.14056966122820666,0.014873323196527862
0.0031804953962670302,-0.119380111,0.009072678588421897,-0.034495754,-0.03238625,-0.000980572,-0.004574511,-0.22163255,0.0011829935747228687
-0.007789762,-0.059835209,-0.080211399,-0.000849135,-0.013848394,-0.000917823,-0.000221477,0.14296810420666448,0.0008188998020968685
0.019103151827777533,0.03577398952636033,0.028304585918492244,-0.012345504,0.05128412729134332,0.00015586894322342767,-0.000523904,0.11581726353575761,-0.001311842
-0.005378188,0.02752172949486436,0.008234623470754132,-0.020683871,-0.026257705,-0.000686477,-0.005771675,-0.188210344,0.0005568209406253311
-0.014536834,0.027334791655856745,0.030399331963224235,-0.004590519,0.04523191209354502,-0.000214955,-0.001602187,0.05333752754323439,0.0007794496862868766
0.004067182763977136,0.01012786693739515,0.014940784102122483,-0.022056919,-0.035122799,-0.000961829,-0.004507422,-0.235928449,0.0010475112116347073
0.014528215177318381,-0.030956316,-0.035091761,0.0014087014791511461,0.011014219089408075,-0.000103196,-0.001074047,0.14855141632208044,0.007392443889531193
0.006871212194497193,0.0037058335070501453,0.005483360522460448,0.0034370179793365803,0.0883018467259209,0.00025235252566759426,-0.003993795,-0.190178839,-0.001724543
2.1176140374104568e-05,0.0213158655221175,-0.02879169,-0.018913437,-0.031820984,-0.000432989,-0.005278499,-0.164619127,0.0010781928421677376
0.004459137040392852,0.0024821635088956924,-0.016151253,0.040269048525252704,-0.029484921,-0.000533756,-0.005019183,-0.178538672,-0.004029809
-0.018433261,0.03220596442350848,0.03119379152514138,-0.002672382,0.05604932037972236,0.0006253239124626192,0.02065609483839503,0.015178840058436017,0.004962131542410964
0.0005272641688100481,0.026554592953550303,-0.014656546,-0.014622828,0.035161582480298846,-0.00036012,0.0006519021823970693,0.15141491161851506,-0.001038399
-0.011695513,0.03685423692183883,-0.019830676,0.02011801978233221,-0.01007197,-0.000464595,-0.001400047,0.09824367042112114,0.004292256305825758
-0.017121586,0.026925452220126617,0.032259050693745135,-0.004540373,-0.019082088,-0.000228374,-0.000953221,0.16921747308298582,0.002135317533362015
0.0191143540786221,-0.087060889,0.03704998709182774,-0.019605145,0.06737544775695775,0.003953564798821879,-0.001127247,0.12380893354111779,0.012756918033285759
0.0035093535967206826,0.02826336463782422,0.00822124495484759,0.036714283472609195,0.030706727276176102,0.0003655609704183787,-0.003129213,-0.165908288,-0.005096782
-0.002061091,0.03698646275975535,-0.048245549,0.01891588648003851,-0.01603513,-0.001024941,-0.001113476,0.14583688192082211,0.0053963193681067865
0.0071147230492378715,0.03755422248281489,0.03222943135918559,0.029561459187996672,-0.012431157,-0.000384112,-0.0012438,0.15262659112281038,0.004573227278164076
0.015766440186439898,0.017899351874219403,-0.195820854,0.019372934409689437,0.002075834427927241,-0.000240927,0.010109868162157226,0.07644495401774727,0.006135020157388596
-0.004928288,0.02030737497104658,0.005274672277744676,-0.013578508,0.07203837830550586,-0.000339089,-0.003189114,-0.185533253,-0.000940588
-0.005471849,0.01854473403202148,-0.086551557,0.00774505013150015,0.03203228476682988,-0.000147398,-0.000663916,0.06646972641355475,-0.055506646
0.0076955717940667264,-0.092700624,0.04118724172407214,-0.03192788,-0.029710165,-0.002200142,-0.002554248,0.06792614210623787,-0.002250085
0.009866328658812781,-0.082564881,0.03294184258346086,-0.003829412,-0.022201388,-0.002047255,-0.002030962,0.08345609030694301,-0.002715647
-0.003333575,0.028844326628491374,0.011417275077168056,-0.031552878,-0.031659409,-0.000543399,-0.005403153,-0.210335852,0.002973779089481315
0.004826819399322668,0.020748195305492507,0.013118776390975083,0.004915985050808398,-0.0293854,-0.000908257,-0.005232456,-0.21479797,0.002905326308178662
0.0006863245466057564,0.033296053804381526,0.03428435593256568,0.004197041383550238,-0.019899412,2.8489310829972524e-05,-0.003559723,0.033222154974800376,0.0030667536699078794
0.0035395896866152296,0.016841490050092358,0.016077880520588214,0.08568059815532622,-0.022789707,-0.000565849,-0.004784942,-0.17089892,0.0036323998921502193
-0.000665567,0.029417285356064218,0.025849308455536485,-0.006078375,-0.01643231,-0.000289777,-0.001587243,0.16812179476735217,0.0014352185781544124
0.0015359671555998853,0.01699973456655972,0.02374099965814544,-0.026357852,-0.035706529,-0.000447498,-0.004444075,-0.090930524,-0.000701426
-0.008961573,-0.022310424,0.03433500193282988,0.023708272337650497,-0.017707749,-0.000292586,-0.001351069,0.17236892769542952,0.0020385578490830308
0.021425728835567502,0.02965846734223889,0.029380884746027253,0.004350573453481837,0.10038927724950278,5.428953405360042e-05,-0.002289536,-0.059759359,0.00098863384113903
-0.005882987,0.01697829901584015,0.007977601900290322,0.0021184254527637633,-0.02088272,0.0037532831515643852,-0.002651091,-0.169871612,0.003504846101163167
-0.011862908,0.03813273048213296,-0.021099251,0.0022622237063314927,0.02985711856963785,1.4605964726837078e-05,-0.000522875,0.1449791620878021,0.0016147796739847758
-0.003868736,0.03290300400059929,-0.000815743,-0.026329915,-0.02770375,-0.000772691,-0.005435713,-0.193272928,0.0009423923600956923
-0.019423014,0.03087685868493013,0.013554502011425423,-0.016715356,0.06659750938312474,-0.000137161,-0.003637868,-0.108042269,-0.000837748
-3.69E-05,0.012826772784531057,0.010191552110653078,-0.02927094,0.06823438904633171,-8.19E-05,-0.003811731,-0.212995269,0.003916717340777542
0.01264770082357813,0.029244596356444795,-0.136450126,0.012771286702512269,-0.009846272,-0.000476814,-0.001692695,0.059209883372038676,0.0064070086097074265
-0.008669903,0.0471867249027356,-0.065145334,0.003988805049050693,-0.021575048,-0.000342737,-0.004086337,0.10327179481727343,0.0008614168752191521
0.01859241573265196,0.02508120056694318,0.03985434404395193,0.026037584619282482,-0.014816926,-0.000359326,-0.00069839,0.13748917609702374,0.0036760749253213726
0.005032964116553584,0.0209305997380285,-0.006051463,0.045441485668834325,-0.025036966,-0.000628617,-0.004453531,-0.134906659,0.006079703779929779
0.010223427279295203,0.03648905767717396,0.037054913566137514,0.0009818574214914355,-0.020168548,2.075214993519091e-05,-0.002011762,0.03393387162978607,0.003074050123058793
0.006072366324266652,0.020293766396395543,0.009269349768011538,0.0029264248140420477,-0.032809123,-0.000418065,-0.00516685,-0.189299661,-0.000542705
0.009979020707262198,0.0033499727627766393,-0.072872859,-0.015707867,0.04053341616720137,0.00030890871338985933,0.021169088262844825,0.003528807064281446,0.0003781171396447624
0.002620601505947241,0.028255273714625394,0.015658553636992246,-0.027551298,0.08915036265173608,-0.000212929,-0.003196442,-0.194146776,-0.001558746
0.019558259592929946,0.03635668973476516,0.0326215439338263,0.005888020921853925,0.03993131989280631,0.0005181558996863152,-0.000574564,0.15292678876650234,0.015483883243900843
0.005080730856128974,0.024322517866716284,0.011142617951071432,-0.035081688,-0.032684227,-0.000654026,-0.005269314,-0.223065835,0.003406398871506862
0.0015168414895944677,0.022456423913762357,0.007751901676625599,-0.014623011,-0.030836899,-0.000716936,0.03752836143096383,-0.208884007,0.0008906977898395121
0.005419967326402912,-0.103610039,-0.00409564,0.018326678028694175,-0.025954088,-0.00053787,-0.0049992,-0.184393839,0.0005939579540648842
-0.000477402,0.025251510123484002,0.010794030000430374,-0.014280243,-0.035379768,-0.000702444,-0.004485425,-0.242437413,0.0027441041933273244
-0.006782086,-0.048345556,0.010912956013703052,-0.029847656,-0.032073117,-0.000756617,-0.004640113,-0.129642276,0.0023689645932223804
0.007940601817131895,0.03797871387645898,0.03677404058299927,0.01921906331220377,0.028265065691878803,-0.00028938,-0.001125474,0.039052757622060986,0.003761354593098587
0.005497387641474212,0.023355472907907734,-0.077291973,-0.003246272,-0.021279432,-0.000465951,-0.005948464,-0.106926684,0.0026998072547485337
-0.002937633,0.033010178010882206,0.01680471121329152,-0.032125606,-0.029157985,-0.000675107,-0.004743053,-0.196982085,0.0009055356400596247
-0.003917249,0.03690896602775441,0.01270408858831054,-0.015435782,-0.016363031,-0.000333975,-0.000894339,0.1859441510609648,0.0012340470375669934
0.015256818419370722,-0.071919205,-0.146222223,-0.008494599,0.005657829376927548,-0.002350101,0.018144398941466928,0.05094042949010247,0.0010940601799889456
0.007040409016498686,0.011874204816883702,0.035659838852391136,0.00035728502059385094,-0.02166202,-0.000117351,-0.00100418,0.1542822218292652,0.015912960854004954
-0.002329395,0.030527404191943646,0.03312415608129491,0.017471409572532112,-0.014587546,-0.000235898,0.012734938122213244,0.15984074040047558,0.0029355155476763657
-0.005843883,0.02657915052033857,0.018268673874304857,-0.02032868,-0.036185225,-0.00063767,-0.004621129,-0.225875258,0.002926703972717183
0.0027012623267091743,0.032043379179979924,0.032711168594661826,0.025036880687651048,0.013274861616608435,-0.000376355,-0.001018193,0.13321019010173696,0.003299098860975982
-0.010019331,-0.008557006,0.031938250222579075,0.053983389034817704,-0.014668044,-0.000593527,0.013370052866380286,0.12314962179596325,0.0010298216417494465
0.002239879511923606,0.03786346210430773,-0.072030246,-0.026798223,-0.019300732,4.90150212132782e-05,-0.001997287,0.16509309391810473,0.00993993755419861
0.0005117702016238259,0.024525274764556803,0.03649372827946429,0.05611320335158781,-0.013300745,-0.000619253,-0.001135921,0.14304206716938034,0.0014867939521257835
-0.000777494,-0.036710032,0.025709789467974753,-0.017729309,-0.017628356,-0.000997495,-0.001265782,0.1154933829438275,0.0012410796334725457
0.0002749556781757664,0.03984909531087437,0.0015140550275577057,-0.037499951,-0.023213109,-1.82E-05,-0.002264428,0.02865558120191989,5.216130535985292e-05
0.003809499050101662,0.02432385277262857,-0.011672898,-0.012922503,0.05850066398537309,9.062588488842984e-05,0.039869285440687276,-0.160811936,0.0031784516783602847
0.007894931946413953,0.030081718727214997,0.033509833339989956,0.015968915033594974,0.02648734311179023,-6.42E-05,0.009585727927980178,0.1394997488246571,0.0019098183391881535
0.004461284121263261,0.030351356704447715,0.01725779550752133,0.01553270940037858,-0.031794156,-0.000633318,-0.005514991,-0.220551926,0.0026703912157781673
0.011426900373668364,0.03776788453193934,0.022682441672588354,0.0019246989124581263,-0.018039493,-0.000644947,-0.001845458,0.13710109909359824,0.002206063792435123
0.012337246125941517,0.029198147049822168,-0.023597547,-0.002548238,0.02284993144477343,-4.15E-05,-0.00080289,0.11038930473200825,-0.000696485
-0.019326345,0.029678193903035763,0.03198203941490135,-0.007270794,-0.021614264,-0.000261953,-0.001087738,0.16964652885579118,0.0013854678749806208
-0.009880385,0.03394646841458788,0.018319170500181656,0.024268153204280933,0.03375135004954185,-2.12E-05,-0.001853924,0.04942036056827062,0.007274859948621718
-0.003657348,0.01969650695148026,-0.03847782,0.013689015946831978,0.053873011955498616,0.0003045895886064873,-0.002019495,0.02026851894669057,0.008824104864256818
0.00551968974191959,0.028747753272901463,0.015356886469146683,-0.031512571,-0.032453137,-0.000765338,-0.004653694,-0.217192486,0.0010468760562789253
-0.011254849,0.013251676506169562,0.03584965525705489,-0.020116872,0.05378865293762861,-0.000218845,-0.001368925,0.06147670589694022,-0.001875506
-0.007557844,0.024243878921527583,0.02940265771490803,-0.021113075,-0.017094202,-0.000600092,-0.000956894,0.17433176147848803,-0.000182366
-0.01112816,0.0011454566801809686,-0.024440792,-0.025663232,-0.03389591,-0.000246249,-0.004812172,-0.082761573,0.004318986543593924
0.019672816178410806,-0.070083674,0.011076861658584722,-0.01581953,0.011937383720850191,0.0047399750920056214,-0.003363616,0.02684721294339247,0.008270216562413191
-0.001961515,0.034802770459467176,-0.012870955,-0.006187605,-0.028096018,0.0016475468718765787,-0.004992365,-0.127415598,-0.001666617
-0.002590017,0.02486986987604825,-0.00195008,0.005643615632155468,-0.019009893,6.471172452648568e-05,-0.001297355,0.20805128870511694,0.005753529724237898
0.020376755751718326,0.030590487133171564,0.032251709154559896,0.006192676832292187,0.05192493476076659,0.0006846519647014629,-0.00059227,0.1618543727952234,0.01396823862668809
-0.01213721,0.03662795255253244,-0.007970707,0.03294364328215492,-0.014983768,-0.000272048,-0.001241214,0.08314883966131431,0.0027721320505889333
-0.012112891,0.029528318102064764,0.03575822326914088,0.02334252286542016,0.014500996023812924,-0.000188452,-0.001531276,0.05742280628017428,0.004442001293537915
-0.009850383,-0.115630573,0.02700963018285826,-0.003080929,0.05101219688072824,-0.002777913,0.01191204315896103,0.07537925229986649,0.011755085859860208
-0.001391457,0.032145283547320554,-0.216149468,0.0057809177111736425,0.024532094951191796,0.0001943343467086419,-0.002153497,0.07338195503987309,0.013746897838803526
-0.013731472,-0.032569624,0.02152817693281862,-0.043892727,-0.028145722,-0.0001662,-0.00263281,0.021837351028746666,-0.000801592
0.01811005895686057,0.014916475412585735,-0.062853455,-0.001263831,0.03692856714373705,-1.74E-05,-0.000385077,0.10412067096058827,0.0053615848671462974
-0.001495318,0.030736908744461378,-0.023792702,-0.022165664,-0.015575927,-0.000280193,-0.00534073,-0.166566795,0.0013194857393626406
-0.003053245,0.02176873822680717,0.020923265444811757,0.003957846257200836,-0.027062116,-0.000302162,-0.00433934,-0.191081254,0.0024849713565327303
-0.001408339,-0.115621022,0.0020143769052922986,-0.023803086,-0.034155451,-0.000525926,-0.004638367,-0.203624769,0.0013377857714709216
0.012501790199425053,0.009858747626869889,0.035253787699543175,0.03504119539482079,0.03631627818203359,-0.00017491,0.00546798603881735,0.08086744778010212,-0.000665246
0.0217649862418451,-0.077101831,0.025169289512274047,-0.009268589,-0.024017735,0.004106608489047735,-0.001824086,0.19546137779041997,0.011300893066967575
0.003420376846857119,-0.03675452,0.006325952492772699,0.014350697818185367,0.026230330443915748,2.315253418797017e-05,-0.00375033,-0.177053382,-0.000495178
0.005630483818746529,0.035138503678681154,-0.023683872,0.03882438918149565,-0.032040345,-0.000260047,-0.005527998,-0.170178444,-0.002609838
0.009615987296060674,0.03507124980391401,0.025828918022291297,-0.010253639,-0.017578451,-8.62E-05,-0.001412401,0.17940216630321207,0.008603275106613633
-0.016800722,-0.13213102,-0.025382997,-0.019477546,0.024557422669418977,-0.004110614,-0.004973335,0.07640245895143687,0.009820389097351827
-0.000688437,0.028416197765518392,-0.05949844,0.03461420414918692,-0.017415143,-0.000454055,-0.001613747,0.14500498605829612,0.003346426618281493
-0.010775649,0.02906494971556581,0.004762135424911334,0.028286198711426482,-0.012247652,-0.00033666,-0.001328441,0.12024380586035575,0.0034934714553702473
-0.000975411,0.03469388383063387,-0.077062448,0.02852950430047251,-0.017079575,-0.000407924,-0.0017262,0.0451520982813653,0.0053531472343942895
-0.000387243,0.031949418613276964,0.034100763325184316,0.028006620903086463,0.030645843117363628,-0.000168913,0.009923861527383539,0.0824839770858367,0.0005348610274188207
0.006669125951957856,0.03121391733038296,0.016037377541630652,0.00014604354750129733,-0.027257988,-0.000537407,-0.00587909,-0.189529754,0.0014341815142588663
-0.000371916,-0.133005711,-0.031682891,-0.034231441,-0.029151988,-0.004348621,0.013411208737085125,0.060731100076837005,-0.00357324
-0.00984271,0.028207625608366108,0.013978763047446401,0.042622996624138085,-0.02741249,-0.00036998,-0.004236254,-0.098854747,0.007153712738285426
-0.010520885,0.020290069591431655,0.014052342540393824,-0.028237532,-0.033113916,-0.000724232,-0.004807339,-0.21685218,0.0027516287896931346
0.023082169790942422,-0.090968144,0.03599501144288671,-0.021579822,0.06245438748052282,-0.002919074,-0.003025836,0.1035652953795768,-0.003398826
-0.004133737,-0.011197784,0.03459379291638064,0.005754038834744611,-0.017303287,-0.000423807,-0.001043878,0.16579273260725497,0.0027357318692333094
-0.001807754,0.03426384644454559,-0.069357818,0.020046919564337323,-0.019705854,-0.000135994,-0.002136367,0.039851113535363795,-0.000535353
0.014743983916009753,0.0327698950782475,0.0270962153114023,-0.015720986,-0.015449461,-0.000402336,-0.001397682,0.17629849372708314,1.4287795052855671e-05
-0.016450587,0.007779303567995104,0.03521855515379392,0.021393078703393825,-0.016802925,-0.000481171,-0.001460396,0.07409849021758948,0.002244314614850144
0.0047092282054427125,0.03463878913919672,0.039800639060359376,0.03654138798159137,-0.011420732,-0.000590621,-0.001507107,0.12621448762437626,0.003208770347206369
-0.00388598,0.005316484792474771,-0.215050528,0.006017532062783043,-0.010391011,5.544882643127945e-06,-0.001947496,0.11004874262839176,0.008848768345819599
0.005729125208728184,0.009927219807519445,0.012612459890623888,0.023005601879573387,-0.020954633,-0.000258042,-0.004912114,-0.189907432,-0.002328974
0.014861419903590705,0.0301462134838884,0.02478082206716061,0.004453208588122647,0.09781818706406158,0.00047734762577585424,-0.002034266,-0.039971409,0.006698062536883015
0.004911906190531641,0.012148060874409578,0.022731348998728085,-0.004659241,-0.03550475,-0.000993647,-0.003927728,-0.090775619,0.0036343742884150767
0.007933944315695104,0.015555416323074254,-0.206821258,0.005297189976788119,-0.00549063,-0.000408257,0.01403215499039283,0.05667927406801118,-0.044588672
-0.014744768,-0.115139961,-0.062244013,-0.032790795,-0.029453162,-0.002882684,-0.001753939,0.13606676788444608,-0.001002522
0.0009319531979961014,-0.051296712,-0.012312436,-0.025725224,-0.035183205,-0.000573328,-0.004702403,-0.197208624,0.0028731484978555665
-0.005549161,0.00852298702216799,-0.226063244,0.010669957380184595,0.019533491520613105,-0.000222998,0.010777603834540229,0.05725650283919291,-0.059894087
-0.010612922,0.026697070742896966,-0.014305154,-0.025722127,0.05847222533637917,-3.55E-05,-0.003255724,-0.061170789,1.0595619419433534e-05
0.020119460576500575,-0.097129787,-0.085762433,-0.015882232,-0.031347188,-0.001367988,-0.001964187,0.09705723357016748,0.01808510295966908
0.004434908523689636,0.023047823562608965,-0.028665318,-0.002806645,-0.023293039,-0.000166034,-0.003777614,-0.166535168,-0.000285105
-0.005293801,0.008662265089549143,-0.223946181,0.016659766726641392,0.014950979395284033,-0.000231185,0.011717053220457845,0.054408583854949545,-0.060242282
0.021287604020753217,-0.086731293,0.037725991145937936,-0.021385315,0.020004718873877322,0.0051698859770183845,-0.001636486,0.17299083688841083,-0.00063768
-0.00385552,0.04414292583972668,-0.002703169,-0.002159691,-0.031370358,-0.000480498,-0.004919242,-0.095287843,0.001435083800073039
0.005429392097146992,0.028706242746372925,0.040184878718950615,0.03433460169719163,-0.013390567,0.004463198432814427,-0.001891472,0.05993719526892837,0.005376050490410822
-0.002229908,0.025362250218826345,0.0171152744197422,0.08365010401007185,-0.022992141,-0.000565955,-0.004920973,-0.181169989,-0.000363352
0.0023047503710805777,0.007094163597375255,0.007292143082731723,-0.017609719,-0.035606985,-0.000663404,-0.004401126,-0.216613262,0.0010093538650627187
0.0061983467069469675,0.030621773249401577,0.008478201360915986,0.05569902449906452,-0.025514282,0.0018835095873257707,-0.005114728,-0.178361983,0.006637003491906234
-0.006544043,-0.004757509,0.033377484425842076,0.04518086771422126,-0.014764753,-0.000396212,0.010058293188252576,0.09807230412752302,0.009813891840607806
-0.014022069,0.024479196137767154,0.02577325603293006,0.02666996690993641,0.0726357588340246,0.00023712751820236777,-0.002283914,-0.037903368,0.0024412760773694915
-0.011074861,0.024142964014012926,-0.049609834,0.016178526440232967,0.03134848160929311,-0.001090229,-0.001119708,0.10836416238680427,0.009327966672241693
0.008988785458806355,0.03676322518889794,0.02863324922655987,-0.021077568,-0.019526081,7.416736427186768e-05,-0.000997229,0.16791916260910425,0.011696701129369444
-0.013280008,0.028012598851174842,-0.064413706,0.02062939023913634,-0.018867003,6.206002667906604e-06,0.025660213432132796,-0.004826401,-0.002976929
0.007960505272001574,0.04009252721756551,0.03167098006500598,-0.000232445,-0.01722157,-0.000560422,0.011214389471755456,0.13274940893371134,-0.000637174
-0.001338511,0.014397518019689028,-0.02984588,-0.022547404,-0.035695139,-0.000650925,-0.003216344,-0.175624578,0.00031701651256151557
-0.0003248,0.006738872569187536,-0.239830907,-0.00211817,0.018967089005555906,-0.000219034,-0.001706206,0.0753937342572613,0.003987538064106909
-0.009291269,0.029807484545244095,0.0118186439657251,-0.019064226,-0.029484661,-0.000534041,0.042006887377544634,-0.209848714,0.0034505646996914182
0.0020201825067428063,-0.007206126,0.013681744805733729,-0.004429147,-0.030153882,-0.000330129,-0.005321039,-0.186280872,-0.001050793
-0.004299998,-0.091138685,-0.055703279,-0.022327258,-0.028975117,-0.001142939,-0.005269512,-0.171058959,0.002665161093890919
0.0035429141071100364,-0.032607075,0.030975227114691438,0.008297509887644064,-0.019653974,-0.000120842,-0.0017861,0.027612318803142726,0.0032856947996805063
-0.000793211,0.02961297317642745,-0.014244524,0.003573846524075955,-0.034523493,-0.000761401,-0.005476188,-0.163751237,0.003612773133404583
-0.01104995,0.03229682936613602,0.03173066440085965,0.010954656562099251,0.057304977795154206,0.00025728708608630213,-0.000528865,0.14543950793163357,0.013369184406971239
0.00011511169572773968,0.031865941290876415,0.01032297085996527,-0.013831642,0.0393918110270331,-9.17E-05,0.02264797067301262,-0.168643689,0.0008487472123103721
-0.011549397,0.03899417920665268,-0.077333761,0.024062039037125026,-0.012431892,-0.000387534,-0.00088922,0.06207434943542767,-0.000842442
0.01621335422782322,-0.091559385,-0.062391426,-0.02725757,0.02047776214920118,0.0031190939593372753,0.008539596321031148,0.12085373587555646,0.011164283809988356
-0.005211089,0.028522566892962647,-0.002819544,-0.000863294,-0.01245173,-0.000459394,-0.001600392,0.15152474328738288,0.003571255960459543
-0.011057152,0.0013289297117822793,0.04082825392111366,0.023752054793489408,-0.015050166,0.0034028358528023616,-0.002330079,0.09272280930749502,0.005592955798357885
0.013307175847279671,0.012212591475196346,0.009400722324501632,0.005031026165223342,-0.025519696,-0.000242101,-0.004688652,-0.173507608,-0.000136475
-0.0149187,0.030870959500389206,0.0014491119244855668,-0.004668547,-0.010232144,-0.000398415,-0.001453953,0.09637028256948081,0.0010257332210242788
-3.50E-05,0.019673292432153357,0.03286730564019013,0.03290581861343396,0.033053178205772415,-0.000321538,0.0068141551006266135,0.09062246354731583,-0.001419849
-0.001854375,0.024712202519219975,0.020363468201456604,0.04702081490095868,-0.027711353,-0.000447172,-0.004382147,-0.159821501,0.005448337267694545
-0.003950988,0.030147645870264556,0.008274916436578275,-0.001357433,-0.0280225,-0.000578508,-0.005395618,-0.140223217,0.0009362135836079253
-0.01062698,0.012339541164240865,-0.0043472,-0.001369281,-0.032252633,-0.000621501,-0.004622572,-0.077093139,0.0021320397118876396
-0.008894241,0.020302082171281134,-0.033742234,0.03647755753894474,-0.015841411,-0.000160429,-0.002420008,-0.05851569,-0.006655896
0.00486184490210941,-0.000364699,0.022975876935849054,-0.038818941,-0.035862719,-0.000697157,-0.005371339,-0.212464039,0.007985049123421947
-0.007805071,0.02120090485852565,-0.116339407,0.012250005869018634,0.03356325725974617,4.561402339298277e-06,0.006194309181838818,0.08563612126366134,0.01460832415949143
0.004969170042232671,0.034039293804002106,-0.006172144,-0.020529193,-0.016431367,0.005060131644358093,-0.005167905,-0.19049128,0.0013716145012583718
-0.011484168,-0.138845049,-0.08793166,-0.036295798,-0.031838928,-0.003099176,0.011025893796271039,0.05844138263492793,-0.002242986
0.0015081466301798715,0.04338935727573195,0.0019570836896561604,0.01111965272840811,-0.018345834,-0.000343224,-0.000566199,0.19979500726192131,0.0014134478785673172
-0.017109534,0.024696411412261223,0.03329411405644759,-0.004032862,-0.019713025,-0.00030654,-0.001056355,0.17954156786572864,0.001722585118370761
0.0003084319732865358,0.026314589013856065,0.027232172605031933,-0.016414874,0.034500481884231576,-0.000231738,-0.001052702,0.16501900121704394,0.0003964744693010246
-0.013433478,0.005229634721063085,0.01942019885890856,-0.002673987,-0.03314458,-0.000863191,-0.004147618,-0.097756736,0.0037852335344569494
0.0009886394284181212,0.0426128500635267,0.028237602257443754,0.043605497074118496,-0.012528302,-0.000580547,-0.000688476,0.06252401053325189,0.0027013471293740026
-0.005433123,0.016496047596352228,-0.004262485,-0.001848242,0.035463694812543425,-0.00026077,-0.004271538,-0.128905753,0.0040131732483899415
-0.006654781,0.0332102059361239,0.013227696339032306,-0.007333856,0.08830708916305242,-0.000209764,-0.002335503,-0.15160043,-0.001754617
0.00513927902823972,-0.062311544,-0.027145929,-0.012943397,0.060372740087953,-0.002752785,-0.002608537,0.09634070255904711,-0.00252292
0.011070376155335092,-0.049350929,-0.016455206,-0.017984017,-0.034067771,-0.000860293,-0.004328662,-0.09248622,0.0009248722868078267
-0.000929404,0.013361537529255037,-0.192444225,-0.008833302,0.01823338782645709,-0.000297898,-0.002671869,0.0886766073451689,-0.05862283
-0.004051748,0.024330270117242304,-0.016158637,-0.006499545,0.03065814190666745,-0.000334204,-0.000834708,0.14236846768937544,0.0018648552558854542
0.014239521687729058,-0.030176039,0.03242152253230381,0.005110006863127156,-0.020412783,5.90688021106636e-05,-0.001829994,0.025600385488960046,-0.001239474
0.004542932357371136,-0.106121664,-0.059586264,-0.020811082,0.05914283469890969,-0.002649349,0.014374292549168565,0.09386791043713372,-0.001333222
0.006935198400898224,0.02905678259276063,0.03874757299657161,0.006416301531174171,0.04008106112456233,-5.32E-05,-0.000761413,0.12300549562270721,0.0015694726726991804
-0.01347158,0.016943034092962356,0.033115481201851524,-0.000769684,-0.018742273,-0.000738743,-0.001448099,0.08896405184011001,-0.00042532
0.017201252259332944,0.029850231958049336,0.011913792459956418,0.002124016390175288,0.09061628654989118,-0.00107816,-0.002580026,-0.08156529,0.0016915181803291216
0.006140486860573907,0.03644754811409385,0.03583830741594163,0.03178522108977097,-0.010436388,-0.000453068,0.011247773915360432,0.0647114670521503,0.005002968218586432
-0.008400037,-0.126206347,-0.015617097,-0.018518371,-0.023759805,-0.003429168,-0.005431198,0.04793678391599499,-0.002109657
-0.001754301,0.029597361739402514,0.03619332205269346,0.001421411154583556,-0.016461651,-0.000362918,-0.001281257,0.16916951871245794,0.00338629148407113
0.0012302878757241157,-0.040190295,-0.017135082,-0.017551825,-0.032625248,-0.000447896,-0.004509172,-0.181880961,0.0007738448319009334
-0.002481588,0.0014809821035648343,-0.070274718,0.012302587760257269,-0.023209951,-0.000463933,-0.005674519,-0.152638831,-0.00014945
0.014496661110612874,0.029906640832452067,0.029153996413593314,0.002520493395939539,0.019041093526282363,-0.000188231,-0.00089907,0.1221088313112252,-0.000186124
0.017353756890972172,-0.003194778,0.03326895972605912,0.037592178647287006,0.00780777360753582,-0.000198273,0.006224899782395585,0.12030293808637693,0.00600989244550768
0.01347981237657124,-0.087338094,0.028154451463443798,-0.019613455,-0.037280462,-0.001351657,-0.002793235,0.013917121702399587,0.010209725288388928
-0.011853852,0.02151534078602085,0.029456350927072182,-0.003652967,-0.020503677,-5.61E-05,-0.002184048,0.06103536007167481,0.0008429202618483303
0.009901968565029893,0.032357836150016556,0.0331199853937714,-0.017895918,-0.016334346,-0.000407567,-0.001088314,0.20607564026258487,0.001209838895420425
0.002132405152807112,0.00037533610285025976,-0.009717619,-0.032419647,-0.034319321,-0.000480202,-0.004745639,-0.20847761,0.0018663738229953656
-0.007922824,-0.063685376,0.030175827949543654,-0.028226927,0.015109456656624132,0.00367998593669405,0.023836615084177695,0.015962488199137086,0.0008563071861765146
0.02091897458975993,0.039096401094734695,0.03407446756217116,-0.021721436,-0.017619234,-0.000436724,-0.000623376,0.16567399423582488,-0.000428468
-0.011466604,0.031059679318177935,-0.011420389,0.008515993781781023,-0.017879129,-0.000471315,-0.001103327,0.10323459636733838,-0.000529913
0.001809477043290845,0.019279658812661363,0.029847981491693352,0.03384614796069422,0.0662539630227078,0.0032843932670076803,0.029685773499641653,-0.035982976,0.009040580322673743
-0.002471075,0.03232830823817882,0.018157155202243966,-0.037647601,-0.033445432,-0.000874552,-0.00505429,-0.207162181,0.0005541318073955361
-0.00411661,0.0344837412710377,-0.004299443,0.030426401165721786,-0.006055784,-0.000398063,-0.000500002,0.12948198025630636,0.00499975062515761
0.006689934702381797,-0.051426625,0.013358146372975794,-0.028517974,-0.025550445,0.005550382576968482,0.03896309425937315,-0.125141898,0.005139556338058264
-0.009975133,-0.105619522,-0.075810786,-0.020945575,0.0654540628513084,-0.001943938,-0.001068347,0.07131727872718263,-0.001224008
-0.010997506,-0.009206126,0.022335673653897166,0.022317581569260787,-0.031518724,-0.000449646,-0.004319716,-0.087361871,-0.00372525
-0.012079382,0.025789503788583343,-0.044629275,-0.001045839,-0.019499921,-0.000295544,-0.001005703,0.1895318938155944,0.0041972060898795086
-0.003659581,-0.056373594,0.013344727734745767,-0.023326703,-0.033878083,-0.000754092,-0.004272994,-0.231474148,0.0023302645182839165
0.009231668521707575,0.031373563235668894,0.032020851496578316,0.005186389921620468,0.03991046347004787,0.00014620853560006343,-0.000664539,0.17356017133259083,0.013045261465510717
-0.001621607,0.01601750917112897,-0.024018744,0.05982592493604221,0.04978175934042036,-3.90E-05,0.023948998327159014,-0.125062875,0.0008263158702713466
-0.016316598,0.04219858858654485,-0.023728852,-0.014465255,-0.017554473,-0.000177401,-0.001486992,0.10598185457208424,0.008306981925285221
0.003566342816135189,0.026605519759750104,-0.032030828,-0.00111472,-0.033865297,-0.000347362,-0.005603487,-0.161228691,-7.58E-05
-0.0143506,0.036790925526658975,0.0382454895128631,0.026445836892794127,-0.013688922,-0.000420397,-0.001043656,0.11752190409216759,0.0013972055062412337
-0.003606096,0.0005060180854148578,-0.007082277,-0.03431153,0.07730822500196508,-1.26E-05,-0.004310792,-0.164418042,0.003951869798464178
-0.013768683,0.016761955553420835,0.01568970025585172,-0.011193482,0.09474352882542579,-0.000322086,-0.003039359,-0.088031315,-0.001177469
-0.008056117,0.005796835657934004,-0.039732275,0.03965666154447893,-0.031508756,-0.00068577,-0.005312774,-0.167985938,-0.002823378
-0.01516294,-0.003488956,-0.023254256,-0.035754073,0.03897927623000496,5.7521784655315407e-05,-0.003983845,-0.082820407,0.004623763263751713
0.0025988480725761503,0.018562983077469293,0.024225106696179947,0.04315577292653027,-0.021991374,-0.000417166,0.026579900655275178,-0.061431122,0.004259019690754582
-0.004995078,0.02716790503707539,0.032736908697452535,0.0019306002093112877,0.04350497532693079,-0.000238584,-0.000717945,0.13582286469842847,-0.00257061
0.015108795823630368,0.03355045447513776,-0.022271999,-0.002665487,-0.025598589,-0.000418579,-0.005080108,-0.121494449,-0.000449555
-0.003748928,0.016933064531712578,0.00876714340862999,0.056766119163252526,-0.009828008,-0.000327044,-0.001305913,0.13544473389996697,0.0015027775792296372
-0.008133487,0.033683951594732406,0.033422485789068083,-0.001421884,-0.016969254,-0.000326473,-0.000786148,0.15396041766069904,0.0016846862373203944
0.006595957073326735,0.019114684532088,0.010598556023156977,0.03258652458208899,-0.024087173,-0.000338216,-0.004603953,-0.209448563,-0.003353701
0.020566371090338858,0.03420904976115027,0.03696658749167211,0.011961046217828003,0.054858739205022496,0.0007462665290459607,-0.000511326,0.11665488101061318,0.014865570121899882
-0.000567483,0.02262728582959561,0.02296156761031099,0.020208423223009066,-0.014908909,-0.000554993,-0.001725967,0.07170139179154623,0.0014308478340809697
-0.000172642,0.033121758007663094,0.020591235386542252,-0.015264856,-0.037178725,-0.000615562,-0.003885305,-0.094160179,0.001383186530310484
-0.009223816,0.031066336191896894,0.03370059446036108,0.020345659495898824,0.04158280088620675,-0.003935318,-0.001007893,0.1201339718616687,0.0070527098298015485
0.01786592406905351,0.028921154981397725,0.035265487892621634,0.002582608239710444,0.04711148855537071,6.26107605207731e-05,-0.000683567,0.13286508076840597,0.0006017300756458077
0.003318322470073383,0.02362079908204726,0.01832884228773254,0.026643409498771566,-0.028590818,-0.000394723,-0.004370519,-0.149287178,-0.001311527
0.002222397492643781,0.03390338114555977,-0.002383785,-0.024733248,-0.033526856,-0.000555064,-0.005170755,-0.213570629,0.0030236725358561527
0.005823006770767349,-0.109508891,-0.102798203,-0.014015653,-0.029415421,0.00866622168690586,-0.002261489,0.06211666561598824,0.012636170537535305
0.00019123414856866375,-0.002041741,0.010167712297947657,-0.042083917,-0.033463878,-0.000700354,-0.004863541,-0.174844017,-0.000278365
-0.005818898,-0.073688824,0.012240682307988809,-0.001277508,-0.036534219,-0.001652834,0.035525788283081894,-0.055358259,-0.000633782
-0.004295927,0.034741051584322,-0.044783603,0.019683336609082825,0.03995757882227321,-0.000128817,-0.002038373,0.1221531571044323,0.004799244924188457
0.01978700747088617,-0.073178006,-0.0438073,-0.014857603,0.0758022891821159,-0.001404165,-0.002196553,0.03455951854439471,0.009725807717960921
-0.016849552,0.024547181582940454,-0.002019199,-0.002972525,-0.01417777,0.0002612440915002204,-0.001399596,0.14496783921119646,0.005656036300050542
-0.007485733,0.02641133797798094,0.01631324997641093,-0.025660845,0.06927868338417803,2.189872375923329e-05,-0.00289822,-0.07683491,0.000192216069298292
-0.00184983,0.03859313890866449,0.03645834370850368,0.004273847141458602,-0.020082996,-0.000391939,-0.000893488,0.13798763926994348,0.0006664792362204858
-0.002705312,-0.035380543,-0.072619074,-0.00267077,0.0638825111340197,-0.00059151,0.015611582811971253,0.05771058387804239,-0.002638969
0.011995985811963662,0.033971063766498034,-0.025280119,0.04487494955527594,-0.024566424,-0.000323397,-0.003400731,-0.139576384,-0.004113684
0.004470458758947545,0.04059253567264919,-0.061410748,0.03627067023947592,-0.014143509,-0.000480363,0.016403122768601463,0.06445373247248268,0.004389649777293431
0.0020817895933748637,-0.002069463,-0.016717287,-0.041288664,-0.036169416,-0.000437849,-0.005766589,-0.19635094,0.006685243342427662
-0.011068448,-0.002680362,-0.069920009,-0.012296037,-0.018412567,-0.000462084,-0.001184259,0.07406792472339725,-0.001759091
0.00018611480897526162,0.03391834806675244,0.039544176445190024,-0.005351289,-0.016802129,-0.000190448,-0.001597105,0.08601891755558011,-0.000287319
0.010214581953852973,0.03222964400200306,0.03553449943848513,0.03983653064025598,-0.012131314,-0.000382991,0.011522897967611655,0.06013080229654694,0.0003844627286196519
0.001987216527419734,-0.06623799,0.018402501851170785,0.03814976363123268,-0.029753978,-0.000503182,-0.004088544,-0.080022135,-0.000779857
-0.006155004,-0.1352743,-0.014095161,-0.033053905,-0.018568111,-0.004062436,0.017780816320553026,0.10171606426111571,-0.001773504
0.01053736571140102,0.03655436483515967,-0.080676471,-0.023546042,-0.022198323,0.00014371511579434995,-0.001070879,0.13007035668060746,0.012776861729774843
0.0005551860288812492,0.025221729842859236,0.03679974829322329,0.0025980546647455605,-0.015702161,-0.000352183,-0.001321707,0.19538422160180066,0.0037042897226545633
0.002685423421740235,0.02708806572934341,0.007729268833296294,0.034366282090944104,0.023872873310579915,-0.000132705,-0.003005841,-0.186065924,-0.004604293
0.0022552216652483555,0.02816320761959469,0.014693627206640329,-0.025844264,-0.032539912,-0.00053797,-0.004795403,-0.235511161,0.002842883206689417
0.00765035857691312,0.01220833576660826,0.01336492558722895,0.027226244563593033,0.0373449071750433,-0.000331009,-0.003791532,-0.171680493,0.004074598316415702
0.00010625077427825298,0.01692254210841739,0.039627480965852786,0.022101281247555726,-0.016277311,-0.000533799,-0.001201089,0.12139045633131597,0.0026092838724556477
-0.012661191,0.017706919451503985,-0.213717634,0.006842344306807183,0.03690167761010175,-6.58E-05,-0.001634004,0.050638509116063414,0.008909891316665268
-0.000108503,-0.13461492,0.0249985998938632,-0.030895127,-0.021424154,-0.004815191,-0.003771047,0.12412208995824422,-0.002372786
0.00121828172650052,0.031911853121854156,0.03526689703173501,0.0028325614507521838,-0.023362336,0.0001734359124649313,-0.002297488,0.014556706720346608,0.00295654690853721
-0.008273577,0.046002182985833154,-0.011093886,0.051623876464162326,-0.02794188,-0.000153097,-0.004137714,-0.070160448,-0.002549937
0.012001289451332086,0.0313965451903415,0.038706115237815,-0.002501136,-0.018075202,-0.000576982,-0.001572892,0.08696307996424574,0.0024918981607723826
0.0031588407973446573,0.032411068292931694,-0.000823976,-0.013238233,-0.034429656,-0.000628087,-0.004699714,-0.185315147,0.0015816715818206125
0.0003660312845241652,-0.029295555,-0.035162806,0.006169181099669234,-0.010069063,-0.000706332,-0.001433647,0.16308274927097208,0.004089993504579934
-0.001802515,0.026691135338001395,0.03224974795591755,0.02079690756248128,0.04163760872833356,0.0003508841825282551,-0.001502831,0.01684762787804145,-0.038574921
0.019378260372244226,0.022776051908675567,-0.02412597,-0.000659185,0.034006038665318275,5.558417406148251e-05,-0.001073914,0.15124495295165594,0.0069211865939801335
0.00722861814649438,0.02248074971786187,0.030488711626350234,0.02219973496758391,-0.014217862,0.0001975040931145652,-0.001381317,0.1650938262539781,0.004487160164317458
0.014237534996025748,-0.099484193,0.04108318745922818,-0.017522092,-0.01695413,-0.004351469,-0.003133993,0.08028054332039311,-0.003149252
-0.015380698,0.00939658013311507,0.03195922985520851,0.0022330996929087465,0.06439187479240824,0.00040806679507388456,-0.001514415,0.011869406811866252,-0.000324147
-0.003603021,0.028127523972572076,0.013915892885188266,-0.022153194,-0.037325051,-0.000874552,-0.001421797,-0.21311156,0.0003098041662804862
-0.012936342,0.011320417052691783,0.01839084313137416,0.0014181383256247156,-0.02918528,-0.000427823,-0.004291666,-0.096754718,0.003215472410167702
0.0023834363670094767,0.030748430897124476,0.03778143099278964,0.0227378247246526,0.03444299396722253,-0.00024875,-0.00094608,0.08536414455807649,0.007264630541110953
-0.009090998,0.025865265790664328,-0.0003623,0.012397891768626672,-0.009368206,-0.000400951,-0.001555579,0.0948549192949658,0.002764297438546885
0.002688624536510048,0.03568650000209434,0.017632644047894584,-0.022369993,-0.035090827,-0.00094682,-0.004635529,-0.194120705,0.0004373351222544996
-0.003785502,0.027996004420749874,0.022900717321937852,-0.013771907,-0.034186569,-0.000627118,-0.00453011,-0.087236296,0.0004394419163499187
-0.009788172,0.016763268319148993,-0.190854376,0.001646607012764511,0.02569787154208054,-0.000215328,-0.001719105,0.03031490225455938,-0.04966152
-0.005041065,0.01250794741294792,0.006824727139571355,-0.008885788,-0.029011717,-0.000615016,-0.005072511,-0.193318328,0.0019520659028281877
-0.003255218,0.0009907414870127566,0.02226042456213401,0.07946292927479205,-0.026758775,-0.000480719,-0.003686867,-0.081060659,0.003927893164808753
0.006780444496074785,0.001434031933465837,0.007623456853283063,0.019854994779576224,0.06411326164076984,0.0002675662277334376,-0.003025614,-0.192661333,-0.001179837
0.004503892534015936,0.011477832629979833,0.001851749405739755,-0.023233144,-0.022813533,0.001804836580818965,-0.004893254,-0.176186342,0.0007360792796813786
0.005313909215821221,0.02184334912839254,0.03343617134485616,0.013022549049033896,0.04236862385321135,-4.89E-05,-0.000951828,0.1379732853516029,0.006316008069405384
0.006579415972506772,0.01797850374738853,-0.162353419,0.007715185908213537,0.008778629216217417,-0.00016287,-0.001734252,0.04237995763819953,-0.040622982
0.016956459879603144,0.02583998866615533,0.032372141682071545,0.02369415022012395,0.008869120989748737,-0.003649432,-0.000507314,0.14095614140837537,0.004664309771274276
0.0032148028030523773,-0.014838484,-0.036074231,-0.041075508,-0.034579079,-0.000411518,-0.00608061,-0.163245309,0.005596254938219633
0.0035204051915511546,0.034429083399812474,0.014759305231482741,0.040087492565699955,-0.012372504,-0.000484305,0.010315464706839328,0.10216641364688235,0.001995065139799811
0.017838894788821943,0.0025715114132056306,-0.011553489,0.027367914214912026,0.0014097327796105646,-0.000132676,0.007193413647829102,0.13474792739491845,0.005920085076896057
0.004977514081962322,-0.039604145,-0.087877746,0.0009452270664315248,0.049385361276393744,-0.000898832,0.03963237521796357,-0.075694607,0.0011799692345860102
0.0034078235646322844,0.03417698598998652,0.032749726766218665,-0.009684015,-0.01865352,-7.50E-06,-0.001266191,0.19528321624195774,0.008896178420266082
-0.008762751,0.038322747044421956,0.007175998884661415,0.010333553126996643,0.04888423966473334,1.3691062651111947e-05,0.008214805525713187,0.13253674429078532,-0.000795219
0.0014936683636245429,-0.120361918,0.006864294087588265,-0.025157368,-0.025018324,-0.000536955,-0.004394857,-0.222537002,0.0025788363467609886
0.007475908480675966,0.024658641123507696,0.03895996272121516,0.020327630573287216,-0.014737356,-0.000536306,-0.000816116,0.1334692951116438,0.0036719738204741364
-0.00200556,0.038969179429329294,0.016982260875483816,0.04195424138550494,-0.010851488,-0.000351608,0.0008014293380276017,0.13291610024907174,0.0029619181252405168
0.021613382839906103,0.03232748855031303,0.02974890385814788,-0.005190272,-0.016440035,-0.000152404,-0.001457109,0.19179665097231807,0.0018598413319503185
-0.017827377,-0.091189773,0.034315390677155125,-0.032113241,-0.028550205,-0.001931973,-0.002395959,0.0664117207987009,-0.001790553
-0.013286802,-0.140858563,-0.092105636,-0.038771817,-0.032090336,-0.003148525,-0.002413953,0.049658628126703803,-0.002448858
-0.003100014,0.035087062653332474,0.022919905158241653,0.009254175369464974,0.05720126529517192,0.0004324652465740983,-0.000528572,0.14464512131912227,0.014781476133526868
0.01924072317771381,0.032639092697050114,0.019736523480470395,-0.019793165,-0.029492006,-0.000676729,-0.004707818,-0.203405167,0.0006745419840001202
0.00032089294347934833,-0.044873623,0.022098188333669045,-0.000125564,0.09546872790923192,-0.00056688,0.018313835707031753,-0.026835501,-0.002580853
0.00918015819494617,-0.06539344,0.024152431054228707,-0.010691671,-0.04260928,-0.001200503,-0.003260957,-0.060016932,0.007479807516252913
-0.02098949,-0.122158703,0.0371683217997304,-0.03355042,-0.023833428,-0.004083622,-0.00289224,0.10122794897480278,-0.002371661
