Aspest,Elevation,Slope,MAP,Distance to Roads,Distance to Faults,Distance to Rivers,NDVI,Lithology,label
0.881403,1665,28.4458008,841.6879883,4,0,4,0.523518,2,1
192.2319946,2247,31.3694992,1319.449951,0,0,0,0.622307,4,0
4.5139899,1830,17.6226006,1035.709961,1,0,0,0.265062,2,1
201.0379944,1801,13.0691996,806.9630127,0,0,0,0.117405,3,1
275.0419922,2010,15.8775997,821.3339844,0,0,0,0.44557,2,0
187.9429932,805,35.8899002,889.9990234,0,0,0,0.292923,4,1
42.2737007,1307,26.3600998,887.0579834,0,0,0,0.526714,2,0
0,1091,26.5650997,823.4130249,0,0,3,0.446154,2,0
265.6010132,1323,20.8211002,730.4819946,2,1,2,0.464099,4,1
309.053009,1863,15.8743,1254.550049,4,0,0,0.229427,4,1
157.3800049,1291,12.2250996,804.5109863,0,0,0,0.497168,4,0
251.2109985,1682,23.1184006,877.0819702,4,0,0,0.386081,2,0
170.4170074,1908,18.0235004,1130.140015,0,0,0,0.557266,2,1
203.1990051,2091,12.5235996,852.7219849,0,0,0,0.157876,2,1
205.7409973,2072,27.3875999,853.6589966,0,0,0,0.466739,2,0
10.3048,1636,29.2059002,843.1879883,4,0,0,0.231745,2,0
344.4760132,565,8.8487501,874.5410156,3,0,3,0.231482,1,0
313.7810059,1380,15.4834003,719.6640015,3,0,1,0.322177,4,1
279.4620056,1720,14.2221003,796.6459961,3,1,2,0.307074,3,1
349.6950073,886,20.4393005,910.3870239,4,0,0,0.433989,2,1
348.3890076,1654,17.2507,1031.920044,0,0,0,0.237284,4,1
186.4700012,1584,22.1343994,769.6959839,3,0,2,0.157707,4,1
340.9590149,1065,26.4773006,983.276001,0,0,2,0.42852,4,0
119.0550003,2567,12.1061001,959.4439697,0,0,2,0.562968,2,0
180.4440002,1756,28.2586994,818.8599854,0,0,0,0.362951,2,1
302.0050049,1583,17.4566002,955.6290283,2,0,1,0.324156,2,1
101.8889999,1358,25.8924999,883.2930298,0,0,1,0.561723,4,0
37.3209991,1778,27.8869991,722.5830078,3,0,0,0.398352,4,0
346.2319946,1832,32.9342995,787.3809814,4,3,0,0.347477,3,0
252.7590027,1720,7.21067,753.28302,2,0,3,0.309746,2,1
167.0050049,1841,21.2625999,1047.290039,3,0,0,0.406236,4,0
233.0050049,1829,20.8484993,756.5159912,0,0,0,0.160545,4,0
291.3179932,1318,20.1410999,752.4609985,1,0,1,0.440221,4,1
21.8013992,875,17.4393005,986.1270142,0,2,0,0.520578,3,0
241.5789948,1506,38.8482018,786.7949829,4,3,4,0.419277,2,1
82.998703,1912,13.4569998,807.8129883,0,0,0,0.326273,2,1
94.6858978,2077,14.3065996,840.1099854,0,2,0,0.572026,2,0
341.053009,1554,16.4444008,928.9359741,0,0,0,0.511314,2,0
9.5829401,1505,18.0235004,748.4039917,0,0,1,0.28316,2,1
158.6289978,1853,11.6301003,808.177002,0,0,0,0.219047,2,0
296.3420105,1328,25.5895004,762.1400146,3,0,4,0.547632,2,1
84.0354996,1656,29.3085995,1122.150024,0,0,0,0.437099,4,0
315,1800,2.0248699,805.0100098,2,0,0,0.360254,1,0
119.1969986,1849,17.9820004,998.8449707,0,0,0,0.255419,2,1
242.3009949,2059,20.6303005,1218.369995,2,0,0,0.485968,2,1
235.0079956,2079,16.9703007,851.5529785,0,0,0,0.448236,2,1
99.2461014,1563,10.2886,864.3209839,0,0,0,0.509154,2,0
329.0360107,1785,13.6557999,753.2730103,0,0,0,0.421985,4,0
302.5929871,2054,16.7872009,889.4799805,0,0,0,0.379334,4,1
223.2100067,2059,10.6835003,827.9260254,0,0,0,0.28385,2,1
339.0440063,1544,22.7535,1208.27002,0,0,0,0.358419,2,1
47.7262993,1991,7.0620399,838.9790039,0,0,0,0.543858,2,0
262.3039856,1738,8.8425102,769.6810303,2,0,0,0.266139,3,1
110.7720032,2488,21.1914005,1252.810059,0,0,0,0.611661,2,0
167.276001,1895,14.8334999,792.4530029,3,0,0,0.229536,2,1
107.387001,1777,23.3764,906.1790161,0,0,0,0.500087,2,0
336.1610107,1712,11.0825996,757.7449951,4,1,3,0.179668,3,1
33.4077988,962,35.1372986,906.3790283,0,0,1,0.354548,2,0
239.3350067,1409,28.6951008,904.2420044,0,0,0,0.382903,2,0
106.3270035,1935,23.2597008,855.151001,0,0,0,0.468622,2,1
27.6238003,1686,42.2276993,820.5570068,4,0,2,0.23812,4,1
125.7200012,921,42.4122009,938.723999,0,0,1,0.347636,2,0
63.7779999,2150,17.2856998,1235.140015,0,0,0,0.367571,2,1
209.7449951,1823,21.9549999,1003.640015,1,0,2,0.497264,2,0
201.6560059,1826,31.3707008,1166.780029,0,0,4,0.452052,2,1
171.8699951,652,22.4151001,885.5599976,0,0,4,0.453227,2,1
36.8698997,1566,2.3859401,788.3859863,4,3,0,0.389036,3,1
22.1093998,2492,29.9274998,1225.550049,1,0,0,0.588732,4,0
122.4710007,1922,3.1096301,811.7490234,1,0,0,0.236041,2,0
251.9960022,2152,19.3153,867.90802,0,0,0,0.282468,2,1
49.3987007,2025,12.9793997,839.6669922,3,0,0,0.434113,2,1
240.5240021,1090,18.2756004,943.1539917,0,0,0,0.241015,2,0
337.6940002,1543,19.3556995,1181.439941,3,0,0,0.404585,4,1
276.8429871,1324,5.9892201,889.8040161,3,0,0,0.0897869,4,0
90,1202,11.7683001,748.5780029,3,0,4,0.403927,2,1
215.5379944,1880,17.8789997,814.0490112,4,0,0,0.340089,3,0
92.4896011,688,5.47927,880.9589844,0,0,3,0.492157,2,0
18.4349003,1730,1.5095299,763.6160278,4,0,0,0.288812,1,0
175.326004,993,33.6124001,870.8309937,0,0,0,0.441441,2,0
51.2257996,1802,18.0566998,791.4509888,4,0,0,0.459547,2,1
15.4611998,1529,11.4854002,989.8690186,3,0,0,0.570661,2,0
288.1589966,1138,28.7287006,846.1099854,0,0,1,0.372431,2,0
117.7340012,1472,24.5426998,1022.380005,0,0,0,0.556827,4,1
203.8059998,1633,17.2068005,999.0089722,0,0,0,0.290706,2,0
1.84761,1213,14.4919996,652.4680176,4,0,4,0.304549,2,0
178.0590057,2002,26.1947994,798.8189697,0,0,0,0.32715,3,0
150.1239929,1793,12.7265997,792.4470215,4,0,0,0.245759,2,0
141.4290009,2100,22.8320007,877.2210083,0,2,0,0.6466,2,1
176.6340027,2138,8.0769997,859.5369873,0,0,0,0.455392,2,0
23.4046993,1649,16.9195004,752,0,1,0,0.388096,2,0
301.6749878,1950,12.9588003,1316.280029,0,0,0,0.562955,2,0
220.9859924,2037,33.956501,1234.030029,0,0,0,0.526573,2,1
65.4328003,846,17.780899,940.382019,4,2,0,0.331115,4,1
216.723999,2010,18.1336994,874.5789795,2,0,0,0.310939,2,0
124.6949997,1795,14.7630997,1239.709961,4,0,0,0.314644,4,1
123.8450012,1872,23.0946999,797.1790161,1,2,0,0.296029,3,1
279.3450012,1283,18.4484005,908.6279907,4,0,0,0.435031,4,1
88.6027985,1672,9.6972704,759.9069824,0,1,0,0.455545,3,0
199.9830017,1431,11.0384998,780.3170166,3,0,0,0.554669,3,0
7.4808898,2384,22.5893002,1146.630005,0,0,0,0.562392,2,0
343.8110046,1508,21.9741001,777.223999,4,0,0,0.270475,4,1
278.5910034,1687,30.3591995,833.9299927,0,0,0,0.408076,4,0
78.6901016,1572,19.8586998,749.9119873,0,1,1,0.329705,2,1
4.7334399,2183,33.2811012,1165.530029,3,0,0,0.56719,2,0
52.3344002,733,30.9661999,874.2620239,4,1,0,0.313205,2,1
142.4960022,2258,12.7265997,1234.75,0,0,0,0.633058,2,0
262.2839966,2388,33.0936012,912.3699951,0,0,0,0.508902,2,0
187.9069977,1888,16.8505001,727.2479858,0,0,0,0.115825,4,1
174.6679993,1996,17.4249001,860.5620117,0,0,0,0.46553,2,1
224.473999,2172,32.7132988,1104.77002,0,0,0,0.578497,4,0
121.4089966,1266,28.8841991,863.5910034,0,0,0,0.516705,2,0
96.6544037,1262,26.7203007,854.1630249,0,0,0,0.466267,2,0
313.5679932,1581,13.2666998,959.8049927,2,0,2,0.156661,2,1
261.3469849,2210,21.1935997,846.3770142,1,0,0,0.424817,2,0
80.417099,1771,18.0235004,795.8800049,0,0,0,0.362608,4,1
90,1634,16.2602005,982.0319824,0,0,0,0.159295,2,1
12.1715002,1886,12.2644997,1238.51001,0,0,0,0.279459,2,1
202.3800049,1467,24.6844006,1132.910034,0,0,0,0.235825,4,1
119.8460007,1478,16.3323002,955.0739746,3,1,0,0.403827,2,1
110.5559998,1582,12.0572004,744.901001,0,0,3,0.151753,2,1
104.0360031,1988,3.9310999,867.4689941,0,0,0,0.31698,2,1
59.8264999,1937,11.7086,1021.98999,0,0,0,0.344058,2,1
267.5100098,2160,20.9916,886.1690063,1,0,0,0.552742,4,0
248.7200012,1815,23.0156002,805.598999,4,0,0,0.487922,3,1
256.7590027,1973,8.2804298,841.1149902,1,0,0,0.120886,2,1
102.4069977,1136,23.1046009,853.2890015,0,0,0,0.4324,2,0
234.0579987,1934,22.3780003,747.5020142,0,0,0,0.565027,4,0
116.9960022,1705,13.9195995,775.8140259,0,0,1,0.328559,2,1
147.9949951,1481,8.9356298,766.1459961,0,2,4,0.487853,3,1
282.8479919,1533,25.9752007,1073.650024,0,0,0,0.396574,2,1
158.8190002,1867,35.5635986,794.1699829,0,0,0,0.403066,3,0
167.470993,1459,21.0142002,969.0570068,2,0,0,0.314423,2,0
169.5090027,1341,29.7723007,1151.670044,2,0,0,0.398567,4,1
59.0362015,2163,12.3341999,876.8109741,0,0,1,0.469785,2,0
153.4349976,1963,6.3793702,840.9260254,0,0,0,0.216634,2,0
349.9389954,2087,27.6875992,825.1459961,0,1,0,0.258572,3,1
257.3299866,1708,28.8509998,1174.040039,4,0,0,0.293672,2,1
118.9509964,1190,24.1133995,726.7089844,4,0,4,0.203065,4,1
3.3664601,1804,4.05866,833.7769775,4,3,0,0.475836,3,0
57.6651001,1625,28.2586994,956.7280273,0,0,0,0.495369,4,0
41.7845001,1455,27.7113991,1201.310059,0,0,0,0.479492,2,0
226.7359924,1707,21.2604008,1163.630005,0,0,1,0.2389,2,0
178.5310059,1279,9.2328701,770.1989746,0,0,1,0.205736,2,0
60.7512016,2093,25.5268993,1066.839966,0,0,0,0.62003,2,0
12.4433002,1807,42.2661018,834.8010254,0,0,0,0.386618,2,0
157.5429993,792,18.6826,887.9680176,0,0,0,0.287341,2,0
300.256012,760,6.6037598,915.0390015,0,0,0,0.41983,2,0
143.7460022,2205,34.8973007,1045.729981,0,0,0,0.654869,2,0
120.651001,2024,14.6568003,1054.199951,3,0,0,0.357266,2,1
50.7928009,1759,22.2285004,717.2470093,0,0,1,0.131053,4,1
207.5529938,1906,12.1988001,875.9439697,0,0,0,0.592828,2,0
66.8013992,1708,20.8463001,1159.780029,4,0,0,0.269478,4,1
142.4309998,2188,7.7827802,797.4050293,0,0,0,0.208312,4,0
126.8700027,1448,9.4623203,859.742981,4,0,0,0.396462,2,0
61.7826004,1805,21.1935997,1273.199951,4,0,0,0.266164,4,1
267.0889893,1755,26.2110996,1058.420044,0,0,0,0.59298,4,0
81.2537994,2779,6.2550998,1281.26001,0,0,0,0.566187,2,0
190.2220001,2512,27.3178005,1228.719971,1,0,0,0.696315,2,0
16.1035995,1495,46.0269012,1069.410034,0,0,0,0.447474,2,1
40.1559982,2353,19.2341995,1186.420044,0,0,0,0.556839,4,0
14.0361996,741,22.4069004,880.7069702,1,1,4,0.5214,2,1
199.654007,842,7.0620399,1234.6,0,0,4,0.260576,4,1
19.0935001,1998,24.6343002,1138.780029,0,0,0,0.557986,2,0
203.1990051,1846,32.4011993,807.7529907,0,0,0,0.346434,4,1
62.2415009,1582,10.1443005,788.2180176,0,3,3,0.588343,3,1
56.4819984,2379,21.0480003,868.6519775,3,0,0,0.600142,4,0
23.0254993,1404,19.9097996,968.5709839,2,0,0,0.616954,4,0
284.2640076,709,14.2330999,945.3900146,3,3,1,0.220708,3,0
253.1419983,1352,16.0319996,880.7689819,3,0,4,0.348093,2,0
74.0546036,2233,16.8745003,1019.98999,0,0,0,0.637735,4,0
205.201004,2083,8.89851,852.5440063,0,0,0,0.23657,2,1
338.4590149,2067,18.8008995,778,0,0,0,0.432198,3,0
49.6105995,1754,20.1291008,1241.77002,0,0,3,0.134497,2,1
218.4179993,1648,8.7672501,731.1480103,0,2,1,0.126954,1,1
334.7990112,2303,17.3873005,825.1090088,2,1,0,0.219776,2,1
305.6900024,1696,20.0137997,803.4539795,0,0,0,0.46432,2,1
315,761,16.7266006,952.7180176,0,1,0,0.314298,4,1
271.6520081,1863,40.9262009,762.3109741,0,0,0,0.414302,4,1
262.2349854,1869,10.4828997,884.7260132,4,0,0,0.513686,2,0
75.2032013,1550,42.4157982,1239.319946,4,0,0,0.537058,2,1
339.3049927,2101,11.3338003,843.9439697,0,0,0,0.368651,3,0
240.2550049,1962,25.1875,764.6409912,4,0,0,0.340444,4,1
75.9637985,1490,1.96786,876.0319824,4,0,4,0.274012,2,1
77.6192017,1762,19.2798996,1006.429993,0,0,0,0.614795,2,0
136.9750061,1750,18.8792,1214.609985,0,0,0,0.487927,2,0
172.1849976,2022,23.2185993,829.0709839,0,0,0,0.24859,4,1
120.2559967,746,24.8479996,897.0770264,0,0,0,0.354692,2,0
109.322998,2191,18.7772999,871.7260132,0,0,0,0.288223,2,1
172.875,1408,7.6530499,783.6560059,0,3,4,0.485149,3,1
340.2009888,1735,12.4850998,762.559021,0,1,0,0.208807,2,1
116.5650024,1977,36.6991997,825.1119995,0,0,0,0.648556,4,1
279.743988,739,22.7110996,877.0029907,0,0,0,0.260938,2,0
36.7240982,1771,33.2248993,784.2069702,1,0,1,0.619509,4,0
252.6459961,1741,22.7374001,858.5269775,0,0,0,0.219361,2,1
312.7399902,1871,24.1410999,818.3969727,0,0,0,0.513607,2,0
315,2411,1.6876,899.1149902,0,0,0,0.553307,3,0
72.1810989,1357,13.7712002,1183.300049,2,0,0,0.571308,4,0
161.0650024,2252,31.1105995,1161.420044,0,0,0,0.668232,4,0
294.5029907,1677,33.9453011,814.3259888,0,0,0,0.439247,2,1
121.8270035,1730,15.8775997,825.7390137,4,0,0,0.235771,2,1
216.1580048,1275,15.0215998,717.4210205,0,0,3,0.471622,2,1
205.973999,2271,19.8757992,816.4580078,0,0,0,0.522246,4,0
225,1707,3.0357201,740.21698,4,0,0,0.0321817,1,0
345.7349854,1412,14.2330999,758.125,4,1,3,0.435277,3,1
220.0299988,1833,15.2206001,970.3010254,0,0,0,0.359628,2,1
37.0928001,1838,12.0882998,794.5300293,4,0,0,0.238718,4,1
39.144001,1655,34.7237015,788.184021,4,3,0,0.310881,3,0
74.6784973,950,32.2416992,909.5939941,0,0,0,0.331188,4,0
312.8789978,1183,9.04603,940.2839966,0,0,0,0.571603,2,1
201.0379944,1641,3.32143,805.3859863,0,0,3,0.284224,2,1
147.2460022,1082,37.8772011,952.0339966,0,0,0,0.466217,4,0
337.3800049,2452,23.4286995,1244.979981,0,0,0,0.582175,4,0
99.865799,1613,11.0089998,966.8300171,0,0,0,0.190942,2,1
122.5299988,1271,32.1138,960.8930054,0,0,0,0.401675,2,0
97.7835999,1750,30.3085003,1146.050049,0,0,0,0.536083,4,0
152.4470062,1765,12.1988001,812.6469727,1,1,0,0.326919,2,1
185.598999,1552,23.1243,995.8880005,4,0,0,0.448226,2,0
112.586998,1708,48.4473991,802.5109863,4,0,0,0.517986,2,1
199.322998,1721,18.7772999,1267.51001,0,0,0,0.225611,2,1
208.9089966,1896,17.6877995,759.3410034,0,0,3,0.519752,4,0
312.2070007,1768,13.5977001,845.9769897,1,0,2,-0.0654724,2,0
278.1300049,1746,14.8511,906.2230225,4,0,0,0.478795,2,0
344.0549927,2122,3.47174,1320.979981,0,0,0,0.630881,2,0
265.1010132,2076,16.3167,865.2080078,0,0,0,0.326937,2,1
34.3802986,1485,25.6233006,1175.660034,0,0,4,0.536132,2,0
168.4250031,1582,19.4437008,971.0120239,0,0,0,0.203203,2,1
245.2250061,1866,13.4215002,792.1049805,0,0,0,0.309406,4,0
357.4360046,1753,29.2005005,863.7709961,2,0,0,0.437313,4,0
231.7890015,1687,13.9949999,863.7800293,0,0,0,0.53843,2,0
208.6100006,682,5.96102,893.0289917,4,0,4,0.386924,3,1
129.897995,2003,18.3297997,776.5269775,0,0,0,0.466268,4,0
280.6199951,1901,15.1796999,818.5700073,2,0,0,0.168177,2,1
286.8580017,1927,16.0319996,826.5759888,4,2,0,0.164998,2,0
39.2893982,1919,13.3264999,793.552002,0,0,0,0.477488,3,0
97.6507034,1388,29.3946991,848.5579834,0,0,0,0.337788,2,0
45,1316,22.4151001,970.6970215,0,0,0,0.545244,2,0
219.6849976,1497,14.2771997,685.5650024,0,0,1,0.0995783,2,0
226.6849976,1678,11.3338003,1062.479981,0,0,0,0.465783,2,0
61.6991997,1854,34.0870018,800.3950195,3,0,0,0.462687,1,1
207.4459991,1689,31.2021999,1100.680054,0,0,0,0.583632,2,0
18.4349003,2004,5.26966,793.8939819,0,0,0,0.503302,4,0
108.4349976,1688,7.5061402,792.5239868,0,1,0,0.341543,2,1
255.9640045,1599,1.96786,1003.969971,4,0,4,0.239464,2,0
232.352005,2110,20.2220993,1012.299988,0,0,0,0.387472,4,1
148.298996,1951,18.4188004,1234.469971,0,0,0,0.668485,2,0
219.897995,1868,33.5280991,809.6779785,1,2,0,0.364096,2,0
133.1820068,2294,20.3759003,915.8759766,0,0,0,0.241844,2,1
155.7460022,2258,22.5811996,1178.839966,0,0,0,0.587319,2,1
12.2952995,1587,33.634201,1016.400024,0,0,0,0.595611,2,0
45.8814011,628,20.9598999,887.875,3,1,0,0.382277,3,0
119.2679977,1466,23.4923,735.5390015,0,0,3,0.193143,2,1
260.7070007,1306,13.0732002,1023.859985,0,0,0,0.45932,2,0
208.6860046,1963,14.1295004,803.2249756,2,0,0,0.41322,2,0
98.4348984,1901,47.9281998,876.4520264,0,0,0,0.552005,2,0
275.2900085,2454,24.3194008,1227.560059,0,0,0,0.636494,2,0
327.723999,1126,20.5328007,1072.939941,0,0,3,0.479279,2,1
45,1668,8.3801899,1239.180054,0,0,0,0.121125,2,1
218.5579987,1907,20.1863995,874.5100098,0,0,0,0.507177,2,1
292.2489929,1205,11.2041998,997.5100098,0,0,0,0.203825,4,0
52.125,1817,31.6993008,819.9920044,2,0,0,0.273129,2,1
162.9290009,2190,28.9669991,868.7440186,0,0,0,0.332678,4,1
304.6950073,2048,7.5061402,817.6939697,0,0,0,0.468858,2,0
315,1656,0.337615,756.552002,4,0,1,0.0504646,1,0
189.904007,1200,14.9209995,724.0560303,3,0,4,0.269498,2,1
174.6990051,2152,22.0923996,787.690979,0,0,0,0.526926,4,0
163.5599976,2135,27.9237003,858.4229736,4,0,0,0.636241,4,0
231.1699982,1827,12.3689003,869.5809937,0,0,0,0.477179,4,1
78.9590988,1918,19.1935005,1082.339966,3,0,0,0.459032,2,1
313.4089966,928,11.9812002,891.3239746,0,0,0,0.328182,2,0
171.572998,1700,12.8142004,1013.700012,2,0,0,0.308798,2,1
24.1455002,1656,21.6658001,1012.52002,0,0,1,0.605531,2,0
206.5650024,475,4.2626901,874.5009766,0,0,4,-0.0250591,2,0
104.0360031,1743,11.6485996,809.9229736,0,0,0,0.212856,3,0
333.946991,2063,22.6564007,877.7119751,2,0,0,0.550962,3,0
256.7590027,1446,16.2287006,908.9790039,4,0,3,0.30445,2,1
75.7354965,1539,26.8990002,775.0939941,1,0,1,0.403844,4,1
13.2405005,1816,8.2804298,844.5859985,0,0,0,0.317703,2,1
67.4794006,1763,20.2980003,793.0130005,0,0,2,0.495496,4,0
258.6900024,1875,1.2171201,807.1519775,0,0,0,0.476884,4,0
160.1329956,1720,27.7987003,1157.449951,0,0,0,0.441089,2,1
347.0050049,1949,6.34412,829.2509766,0,0,0,0.189029,2,0
92.0699997,1754,19.0886002,779.6849976,3,0,1,0.319602,1,1
327.4500122,1599,24.9221001,795.9520264,2,0,0,0.4074,3,1
89.3259964,1731,19.5037003,763.0310059,3,0,2,0.396908,3,1
352.1849976,1514,40.6286011,1130.609985,0,0,0,0.55668,2,0
101.8889999,1969,9.1910295,777.223999,1,2,0,0.558804,4,0
166.6069946,1856,28.3547001,916.0460205,0,0,1,0.560632,4,0
233.5310059,1873,13.4056997,961.6640015,3,0,0,0.198261,2,1
10.4914999,836,6.5269899,965.4769897,1,2,0,0.484882,3,0
341.2590027,1873,26.2339001,762.6019897,2,0,2,0.533268,4,0
172.9989929,2065,13.4569998,1130.75,2,0,0,0.588801,4,1
289.7990112,1979,6.3175502,835.8530273,0,0,0,0.48838,3,0
323.1300049,1906,16.2602005,848.4229736,0,0,0,0.390546,2,1
21.3705997,1611,22.3738003,1180.530029,0,0,0,0.67488,2,0
106.8759995,1724,21.1825008,1007.919983,0,0,0,0.449712,4,1
192.3809967,2128,9.9207296,849.4439697,0,0,0,0.197799,3,1
257.4710083,1348,4.3933802,808.8400269,0,0,0,0.499036,4,1
22.5571995,1486,16.3448009,1105.949951,2,0,0,0.431622,4,1
144.5740051,1156,26.3810005,882.1420288,2,0,3,0.349779,4,1
344.9819946,1419,10.0304003,841.1480103,1,0,1,0.412161,2,1
183.8139954,828,14.0662003,847.0159912,0,0,4,0.134196,2,1
263.4719849,1295,40.1296997,756.632019,4,3,4,0.557218,4,1
88.9583969,1562,12.9095001,784.4359741,4,3,0,0.319769,3,1
15.8656998,1625,22.3675995,938.8099976,0,0,0,0.440286,2,0
309.5310059,1687,29.0930004,763.757019,0,0,0,0.303768,2,1
355.6010132,1775,3.1096301,826.4219971,0,0,0,0.227963,2,0
47.2025986,457,8.7166996,888.5120239,2,0,4,0.191231,3,0
295.8210144,1707,8.1658096,802.7130127,4,0,0,0.343256,2,0
91.2189026,1393,30.4398994,961.7600098,1,0,0,0.547774,4,0
135,1291,8.0494699,895.960022,0,0,0,0.355545,3,1
144.1179962,1467,25.7994003,1065.869995,0,0,0,0.353984,4,1
27.4076004,1087,14.2221003,1076.890015,0,0,3,0.407222,2,1
250.3009949,1769,19.7217007,805.0479736,4,3,0,0.460214,3,1
25.5599995,1345,23.0214996,721.7579956,0,0,3,0.544464,2,1
31.5347996,1916,23.2772007,1062.550049,0,2,0,0.660651,4,0
220.1009979,1732,11.6948004,979.5289917,2,0,0,0.166889,2,1
30.2917004,1698,25.9834995,755.8670044,0,0,0,0.362849,2,0
144.0189972,1633,20.6002007,999.5770264,0,0,0,0.543425,4,1
8.2858,1732,23.4461002,813.8289795,1,0,0,0.43326,3,0
284.4700012,1121,14.9384003,812.9290161,0,0,4,0.344118,4,1
212.7640076,1542,26.5856991,1000.659973,0,0,0,0.572926,2,0
307.95401,1747,27.8532009,1035.109985,0,0,0,0.591212,2,0
169.2160034,1773,10.1011,791.0859985,0,0,0,0.559895,4,1
254.7449951,2282,18.3945999,1101.979981,0,0,0,0.450066,2,0
332.9689941,2129,24.6271992,1085.430054,0,0,0,0.552649,2,0
103.1729965,1620,21.9125004,770.4799805,0,0,2,0.389322,2,1
45,525,2.0248699,842.3109741,4,0,3,0.46428,2,1
213.4859924,1425,17.9902992,1013.030029,0,0,0,0.570415,2,0
133.9389954,1593,32.4770012,1006.059998,0,0,0,0.467771,4,1
8.6156502,2205,15.5432997,891.335022,0,0,0,0.49666,2,0
302.1520081,1792,34.5668983,997.1740112,0,0,0,0.488302,4,0
266.3789978,1422,18.2539005,1156.719971,3,0,0,0.499437,2,0
334.2900085,1977,26.5396004,851.3400269,0,1,3,0.444012,3,1
36.3268013,1352,19.3759003,910.822998,0,0,0,0.476203,2,0
119.0550003,1781,2.4563899,798.7670288,3,3,1,0.240881,1,0
246.5410004,1694,13.5353003,801.6259766,2,0,0,0.460968,2,0
260.5379944,1093,2.9018199,689.1779785,0,0,4,0.458346,4,0
342.197998,1645,25.5014,999.2199707,0,0,0,0.497611,2,1
152.1759949,1586,18.7378998,714.6209717,0,0,0,0.371711,2,1
267.5100098,837,5.47927,918.6619873,0,0,0,0.349675,2,0
138.3659973,2040,21.8698997,853.257019,0,0,0,0.100599,2,1
31.1592999,2171,22.7212009,1248.01001,0,0,0,0.53169,2,0
135,1125,5.7204299,918.5300293,4,0,0,0.387544,2,1
190.9230042,1912,13.5977001,819.0289917,2,0,0,0.0795837,2,1
194.4900055,2514,20.9575996,1231.630005,0,0,0,0.712629,4,0
359.118988,1884,15.1557999,810.3029785,1,0,0,0.519828,2,0
134.4149933,2076,30.0065002,787.4470215,0,0,0,0.566397,4,0
99.1623001,1808,14.6639004,1021.330017,4,0,0,0.279605,2,1
266.9869995,1288,4.5327101,904.03302,0,0,0,0.31443,2,1
80.3625031,951,24.1319008,966.9619751,3,3,2,0.301986,4,0
209.8139954,1394,23.1420002,917.3079834,0,0,0,0.388664,2,1
286.3900146,1762,16.4536991,1023.640015,1,0,1,0.219408,2,1
181.3480072,1799,35.3186989,843.0479736,0,0,0,0.453756,2,0
317.1610107,1986,17.3554993,791.3380127,0,0,0,0.487265,4,0
153.2960052,1661,37.5811996,795.15802,0,0,0,0.432651,4,1
327.9949951,1407,8.9356298,912.7789917,4,0,0,0.371522,4,1
348.6900024,2021,15.4399996,862.6300049,0,0,0,0.387455,2,0
147.0950012,1963,18.6481991,835.6359863,1,0,0,0.329648,3,1
83.2901993,2020,8.1181202,841.3339844,0,0,0,0.465497,2,0
118.9800034,962,31.7656002,908.585022,0,0,0,0.303124,2,0
206.5650024,1666,5.3228502,1016.299988,2,0,0,0.491559,2,1
151.7980042,1304,33.1225014,956.4970093,0,0,0,0.450105,4,0
167.0820007,1560,42.9817009,767.3540039,2,0,0,0.16664,4,1
91.6682968,2028,23.2362003,835.9160156,0,0,0,0.462914,2,0
319.4849854,1919,16.7751007,818.8150024,3,0,0,0.339135,2,1
228.2700043,1912,11.6717997,840.9039917,0,0,0,0.281781,2,1
224.2259979,1597,23.5615005,782.0650024,2,0,0,0.202963,4,1
231.3399963,1743,20.4813995,843.5200195,0,0,0,0.451537,3,0
317.6629944,1554,14.2330999,914.3870239,0,0,0,0.116038,2,1
99.4623032,1754,2.9018199,776.8759766,4,0,0,0.361774,3,0
127.6480026,1870,10.4359999,867.8729858,0,0,0,0.556681,4,1
246.8009949,752,3.6313901,878.8460083,3,0,0,0.41202,2,0
85.4261017,2064,22.6847992,824.276001,0,0,0,0.495543,3,0
283.3919983,1984,10.198,848.7659912,0,3,0,0.402705,2,0
304.4609985,1435,37.7106018,1014.880005,0,0,0,0.397815,4,0
228.8139954,1530,14.8825998,989.1459961,0,0,0,0.336056,2,0
264.8770142,986,31.2406006,824.5839844,0,0,0,0.324354,2,0
41.1859016,2196,10.0467997,801.0700073,0,0,0,0.278579,4,1
305.5379944,1518,4.1002898,721.9400024,0,0,2,0.309515,4,1
20.5960007,1588,34.9471016,780.4210205,0,2,2,0.490937,3,0
70.8664017,1202,23.3745003,676.46698,0,0,3,0.415909,4,1
358.3150024,848,15.8256998,955.8579712,1,3,0,0.48171,3,1
32.1957016,2244,21.7434006,882,2,2,0,0.515828,3,0
67.3800964,2203,6.18293,907.914978,0,2,3,0.140082,2,1
141.1159973,1992,9.4215803,821.9550171,0,0,0,0.520375,3,0
336.8009949,1733,5.4380102,804.7390137,4,0,0,0.13139,2,0
241.0599976,1938,22.0333004,1339.689941,0,0,0,0.578752,2,0
358.2990112,1517,22.8320007,979.1870117,0,0,0,0.454804,4,1
6.1322198,1832,26.8880997,801.4650269,4,0,0,0.244344,3,1
107.5429993,1650,34.1111984,1131.26001,0,0,0,0.438336,2,0
315,1798,2.0248699,801.0150146,3,0,1,0.20996,1,0
242.5709991,990,36.5648003,880.4539795,0,0,2,0.236247,4,0
346.4299927,1295,20.4510002,819.0999756,4,0,0,0.541952,2,0
79.9919968,726,12.1767998,888.7540283,4,1,0,0.332024,2,1
294.0759888,1784,12.1061001,801.6630249,3,0,0,0.298989,2,1
239.826004,1779,22.5137005,786.8900146,0,0,4,0.288995,3,1
47.8624001,2037,13.2786999,842,0,2,1,0.482616,3,1
338.256012,1577,37.8133011,1031.51001,0,0,0,0.421795,4,0
161.9660034,1859,20.6487999,1113.349976,0,0,0,0.394133,2,1
165.4660034,2017,19.2215004,831.8359985,0,0,0,0.393795,2,0
167.470993,1763,8.7356901,752.0310059,2,0,0,0.299517,4,0
48.0127983,1692,12.6381998,775.4719849,4,0,0,0.182267,2,0
123.3659973,2264,31.5352001,1077.329956,0,0,0,0.641345,2,0
12.7712002,2129,17.7668991,862.8800049,0,0,0,0.543702,2,1
344.7449951,1736,13.3621998,1032.699951,0,0,0,0.223525,2,1
119.4759979,2186,6.28194,892.3549805,0,0,0,0.582995,2,1
101.5139999,1719,24.6665993,730.5349731,0,0,0,0.526941,4,1
253.6100006,1934,16.4536991,824.7449951,1,0,0,0.474133,2,0
304.04599,2014,10.5398998,835.9039917,0,0,0,0.313685,3,1
116.5650024,1899,8.4787102,809.8629761,4,1,0,0.312795,3,0
10.8044004,1721,29.0601997,813.5620117,0,0,0,0.423497,3,0
34.1436005,2040,23.6532001,826.6309814,0,0,0,0.361804,2,0
183.8139954,1622,14.0662003,834.3850098,0,0,0,0.387043,2,1
20.4925995,701,23.7670994,854.947998,4,0,3,0.319966,2,1
73.1785965,2099,10.6016998,882.0410156,0,0,0,0.630259,4,0
307.2349854,1783,14.6639004,793.40802,0,0,2,0.204202,3,1
352.2349854,974,20.3075008,921.125,3,2,0,0.160728,4,1
184.1450043,1831,16.0797997,754.6489868,0,0,0,0.246947,4,1
331.3139954,2409,14.1295004,1085.199951,0,0,0,0.589921,2,0
131.5110016,1560,25.8309994,1171.479981,1,0,0,0.512163,2,1
315,2009,11.3290005,794.09198,0,0,0,0.114215,4,1
40.2364006,1702,23.0611,979.0910034,0,0,0,0.21637,2,1
45,1660,12.6212997,974.78302,0,0,0,0.252024,2,1
79.1596985,1710,21.7413006,755.3829956,4,0,4,0.375422,3,1
330.4880066,1902,26.9083996,850.4719849,0,0,0,0.506446,3,0
355.9140015,1839,19.3355999,800.8189697,0,0,0,0.302925,2,1
162.0509949,1958,17.2740002,1036.290039,0,0,0,0.269087,4,1
194.0359955,1884,9.7480297,858.3540039,0,3,0,0.204269,4,0
202.9640045,2666,14.9488001,1237.709961,0,0,0,0.609495,4,0
42.2737007,2266,20.3876991,846.8779907,0,0,0,0.536225,4,1
319.0859985,1752,4.7279401,886.1400146,2,0,0,0.382409,2,1
142.7649994,1318,7.45401,652.302002,2,0,2,0.453552,4,0
71.2814026,2177,28.0273991,1187.400024,0,0,0,0.626478,4,0
78.6901016,1605,18.7747002,796,0,0,0,0.50318,2,1
262.2659912,1628,34.2625008,1006.200012,0,0,0,0.537263,4,0
330.1860046,611,23.1420002,890.6719971,2,0,4,0.117522,3,0
62.6279984,2183,33.4874001,1251.609985,0,0,0,0.539419,2,0
242.4750061,1733,18.4484005,770.5200195,4,0,4,0.250691,3,1
77.3806992,1667,15.9645996,783.3920288,0,0,3,0.305677,2,1
206.1470032,1566,14.3212004,778.3029785,4,0,0,0.182358,4,1
317.6029968,1788,14.5495005,798.3640137,1,0,0,0.376489,2,1
110.3759995,2187,31.8927994,1251.189941,1,0,0,0.399082,3,0
86.3086014,1657,14.5136003,1151.209961,0,0,2,0.182989,2,1
56.3098984,1745,10.2194004,1027.729981,0,0,0,0.266483,2,1
24.5130005,1913,29.7880001,870.4489746,0,0,0,0.403482,2,1
82.0198975,1825,24.2369003,1030.660034,0,0,0,0.559414,2,0
321.2539978,1371,23.3997002,986.1400146,4,0,0,0.29155,2,1
34.9393005,1761,20.3570995,775.440979,4,3,0,0.399602,2,1
148.1730042,1299,29.6341991,978.2420044,0,0,0,0.419159,2,0
348.4249878,1389,19.4437008,969.3289795,4,0,0,0.359109,2,1
342.3500061,1894,21.0457001,768.5889893,0,0,0,0.175792,4,1
238.7680054,1528,42.4926987,810.7550049,2,2,0,0.422715,4,0
66.0374985,1643,13.8323002,1058.849976,0,2,0,0.506167,4,0
324.4620056,1643,2.0527799,733.4520264,0,3,0,0.357256,1,0
91.4320984,1596,18.4403,771.434021,0,0,0,0.471148,3,0
213.5410004,1241,23.9850998,786.4099731,0,0,1,0.443401,2,0
27.4743996,1723,6.6963501,790.0189819,0,1,3,0.415909,3,0
350.2720032,2204,16.4846001,859.8179932,4,0,0,0.277074,3,1
23.0615005,2050,24.5786991,1228.869995,0,0,0,0.556653,2,0
40.6839981,1934,17.3901997,755.4279785,2,0,1,0.569688,4,0
158.9620056,798,9.8764696,964.3339844,0,3,0,0.528324,3,0
201.8009949,1810,10.1765003,802.4819946,4,0,0,0.181931,1,1
210.9640045,1764,14.9626999,788.1099854,3,0,0,0.15075,1,1
341.0750122,2181,31.6608009,882.0759888,0,0,0,0.514188,2,1
47.4896011,1777,22.1448994,712.9169922,0,0,0,0.290354,4,1
275.3770142,1834,35.4305,809.0369873,0,0,2,0.409429,4,0
172.647995,1866,27.5172997,808.9260254,2,0,0,0.56215,1,1
122.8560028,2079,25.4622993,912.7180176,0,0,0,0.264339,4,1
312.9790039,1782,26.6191006,1187.869995,3,0,0,0.402521,3,0
207.8970032,1797,29.2938004,1189.280029,0,0,0,0.630766,2,1
205.5599976,1473,23.0214996,1195.5,2,0,0,0.311789,4,1
157.8339996,2086,13.6557999,859.007019,0,0,0,0.172899,2,1
9.24611,1988,10.2886,817.7420044,0,2,0,0.547508,3,0
136.5070038,1973,12.6254997,834.1710205,1,2,0,0.426135,2,1
76.504303,1930,12.0928001,857.2490234,0,0,0,0.493438,2,1
136.6139984,1481,22.7110996,1166.630005,0,0,1,0.490696,2,0
280.3940125,667,35.5994987,732.0310059,0,0,4,0.420803,2,0
331.2090149,2495,27.8223,1227.530029,0,0,0,0.508575,2,0
160.095993,1351,27.2049007,1027.119995,0,3,0,0.312878,2,1
106.189003,1733,7.6603198,794.9039917,1,0,0,0.410404,2,1
21.2973995,1946,14.7807999,786.039978,0,0,0,0.516602,2,0
238.3710022,1614,36.4614983,785.8649902,0,0,4,0.469998,4,1
112.8339996,2021,9.7480297,808.9879761,0,0,0,0.182709,3,0
226.8480072,1128,10.3572998,814.6690063,4,0,4,0.364413,2,0
86.7294998,1645,16.2852993,1146.400024,4,0,0,0.31699,4,1
20.0561008,1480,15.6127996,921.4639893,2,0,0,0.515803,4,0
320.598999,1397,16.8022995,730.2869873,0,0,0,0.392543,2,1
73.0725021,1935,35.0387001,834.4420166,0,0,0,0.593028,4,0
263.8630066,1596,37.9352989,742.1530151,2,0,2,0.399022,4,0
327.7070007,2004,31.6385002,827.5490112,0,2,0,0.352574,3,0
26.1616001,1750,27.8885002,724.007019,0,3,0,0.446067,4,0
160.4360046,637,28.1492996,896.4500122,0,3,2,0.389398,4,0
268.3450012,1922,35.7966995,1186.729981,0,0,3,0.276051,2,1
123.6900024,1757,31.0027008,767.1220093,4,0,0,0.464229,3,1
10.0974998,1771,17.1686001,1000.820007,4,0,0,0.427104,2,1
273.1799927,1180,8.5437298,863.0650024,4,0,4,0.296951,2,0
34.9920006,1726,11.4995003,760.1359863,3,0,3,0.322394,3,1
100.2440033,1568,19.3633003,1000.049988,2,0,0,0.568515,2,0
350.3619995,1978,12.6254997,765.7730103,0,0,0,0.285661,2,0
1.7357,1558,15.3830004,681.0579834,3,0,4,0.394503,4,0
123.6900024,1798,1.72101,798.4169922,3,0,0,0.235953,1,0
290.0950012,2001,19.9920998,858.8359985,0,0,0,0.340307,2,1
213.9060059,1670,17.0268002,764.8809814,0,0,0,0.423463,3,1
86.4964981,1455,31.5352001,1116.569946,0,0,0,0.573263,2,0
253.8670044,1755,27.6919994,794.1389771,0,2,1,0.464486,3,0
346.2640076,1575,10.9249001,1057.77002,0,0,0,0.619759,4,0
94.3986969,1799,9.2566795,743.6439819,0,0,0,0.172953,4,1
305.3619995,1422,17.5769997,759.848999,0,3,3,0.357761,3,1
94.671402,2199,47.0541,1207.290039,0,0,0,0.729265,2,0
270,1143,0.477454,695.6500244,0,0,3,0.275801,3,0
54.4622993,758,4.1002898,849.3850098,2,0,2,0.568064,2,0
222.0390015,1603,34.3897018,846.0759888,0,0,0,0.50572,4,0
63.4348984,1176,28.3859997,676.1300049,1,0,4,0.450272,2,1
123.887001,2088,18.5872002,1098.859985,0,0,0,0.304944,2,1
239.0359955,1541,13.6557999,769.901001,0,3,0,0.379398,2,1
230.8560028,877,24.7984009,862.7230225,0,0,2,0.294171,2,0
280.1759949,2108,9.3747797,851.5479736,4,0,0,0.411544,2,1
120.0690002,1426,32.6329994,968.0839844,0,0,0,0.542678,2,0
32.0821991,1801,33.3834991,801,0,1,0,0.398844,2,1
116.1470032,1975,27.0480995,831.8200073,2,0,0,0.271726,2,1
312.8389893,2033,17.3554993,1030.75,0,0,0,0.318847,2,0
55.4915009,732,9.1910295,920.6160278,3,1,0,0.294238,2,0
226.302002,1740,27.4148006,1158.329956,0,0,0,0.21795,2,1
298.8110046,1623,10.7697001,748.7849731,4,0,3,0.359611,2,1
266.8200073,849,16.7236004,783.4180298,2,0,2,0.266509,2,0
35.5377007,1802,2.0527799,801.4509888,4,0,0,0.396642,1,0
325.3049927,1360,21.5681,732.0200195,0,3,4,0.321625,3,1
223.2640076,979,30.2691994,849.1550293,2,0,3,0.368006,2,0
214.3800049,1824,5.47927,721.414978,0,0,3,0.379459,4,0
114.2740021,1772,34.966301,883.7059937,3,0,0,0.537166,2,0
84.2893982,1731,4.7872901,777.9699707,4,0,4,0.368727,1,0
154.5370026,1611,10.9694996,744.9320068,0,0,2,0.408486,2,1
12.5288,1641,8.7356901,764.9539795,2,0,0,0.20954,3,1
105.5930023,1944,20.4064999,846.9019775,2,0,0,0.240978,2,1
101.9290009,1436,16.8234005,1005.409973,0,0,0,0.255916,2,0
24.9547997,1864,24.8992004,777.4920044,4,0,0,0.233764,3,1
358.4930115,2173,17.5769997,1109.579956,0,0,0,0.624016,2,0
34.824501,1052,25.030899,994.4890137,0,0,0,0.443483,4,0
81.2537994,1755,6.2550998,1015.090027,0,0,0,0.455675,2,1
141.1699982,1731,12.3689003,766.6099854,4,0,0,0.131864,3,1
236.1360016,2006,37.3334007,1205.839966,1,0,0,0.590165,2,1
200.9429932,2030,19.8684998,872.1220093,0,0,0,0.469834,2,1
66.2505035,2140,12.8225002,838.4400024,0,0,0,0.495155,3,0
135,2165,18.566,918.8629761,0,0,0,0.508967,4,0
90.9821014,832,36.1022987,876.6519775,0,0,0,0.339488,2,0
47.1408997,513,32.2495995,866.7810059,0,0,4,0.411892,2,1
293.1990051,1685,41.6212997,1271.310059,0,0,1,0.217405,2,1
60.9454002,2157,18.9416008,912.2139893,0,0,0,0.609737,4,0
83.6597977,1812,20.6718998,1227.52002,0,0,0,0.63031,2,0
197.9279938,2740,16.5832005,776,0,0,0,0.545002,2,0
28.8108006,1794,20.8279991,1160.910034,0,0,0,0.600473,2,1
253.6100006,1099,20.2625008,741.6160278,0,0,3,0.211643,2,1
90,953,20.5559998,941.3469849,0,0,0,0.366144,2,0
281.9760132,2026,8.0010405,886.1610107,4,0,0,0.3699,2,0
240.4219971,1707,28.0041008,1302.219971,3,0,0,0.50233,2,0
106.586998,1913,22.2285004,1117,2,0,0,0.530774,4,1
113.0739975,1264,45.2840996,1002.419983,2,2,0,0.582928,4,0
267.5809937,1803,16.4939003,1263.589966,0,0,2,0.160838,2,0
5.04245,2151,15.8775997,1234,0,0,0,0.539387,2,0
50.0635986,1046,25.0484009,931.9039917,3,2,0,0.362866,4,1
92.7263031,1108,27.7262001,937.3189697,0,0,0,0.27942,2,1
87.3574982,2004,15.1695004,822.0469971,0,0,0,0.324016,2,1
125.0960007,1133,20.6487999,833.132019,3,0,3,0.301985,2,1
55.8855019,1644,17.3293991,1141.01001,4,0,3,0.192452,3,1
178.1519928,1434,14.4919996,905.8460083,0,0,0,0.287743,2,0
173.2339935,1482,26.3407001,1183.560059,1,0,0,0.521615,4,0
95.0423965,1922,15.8775997,826.1699829,2,0,0,0.161791,3,1
123.6900024,1723,11.8774996,758.4429932,3,0,3,0.169589,3,1
40.9622993,1577,26.6618004,1003.52002,0,0,0,0.463509,4,1
207.6459961,1665,21.5594006,816.8339844,0,2,3,0.398369,3,1
222.1380005,1648,6.7296901,1004.039978,4,0,0,0.19051,4,1
92.8623962,1689,18.4563999,1130.439941,3,0,2,0.385208,2,1
75.7354965,1997,14.2330999,878.0930176,0,0,0,0.266492,2,1
172.4759979,1587,24.0130997,1227.229981,3,0,0,0.211871,4,1
262.5889893,1952,45.9476013,1027.910034,0,0,0,0.475417,2,1
213.6900024,1805,1.72101,803.5819702,4,0,0,0.213732,2,1
219.9759979,1565,28.2931995,778.6560059,4,0,0,0.557507,4,0
137.4589996,998,43.8717003,924.5460205,0,0,0,0.364624,2,0
271.2019958,1764,30.7933998,780.7700195,4,0,0,0.445935,2,1
202.0679932,1420,9.4448795,1025.02002,0,0,0,0.461766,2,1
351.8699951,1619,38.5021019,1175.380005,0,0,0,0.450844,2,0
44.0555992,1773,47.0059013,998.4169922,0,0,0,0.498072,2,0
270,1782,8.0632496,749.4829712,0,0,1,0.300427,4,1
45.7345009,1734,24.6861992,1119.380005,0,0,0,0.593404,4,0
304.4179993,1157,28.6124001,924.6959839,0,0,0,0.39516,4,0
292.2489929,1464,11.2041998,861.9899902,0,0,0,0.437482,2,0
50.1944008,663,3.72387,914.3109741,3,1,0,0.387006,3,0
126.4690018,1193,6.7958598,707.0880127,0,0,1,0.488744,3,0
20.4099007,1058,20.9235992,903.5380249,0,0,0,0.289675,2,0
78.6901016,1910,14.3029003,811.6110229,0,0,0,0.58885,4,0
208.6100006,682,5.96102,893.0289917,4,0,4,0.386924,3,1
19.0576992,1340,13.6287003,675.2410278,4,0,4,0.167711,2,0
120.0270004,2174,27.6802006,840.03302,0,0,0,0.614038,4,0
304.0769958,1435,18.8843994,878.0469971,0,0,0,0.479889,2,0
101.3099976,703,2.43314,848.6140137,1,0,4,0.555939,2,1
320.3559875,1953,29.6037998,1030.680054,3,0,0,0.42234,2,0
64.9831009,1756,3.9454801,774.960022,4,0,0,0.180385,3,0
201.8009949,693,17.4393005,914.9000244,3,1,0,0.166916,2,1
302.5100098,2092,43.6391983,865.8150024,0,0,0,0.309604,3,1
215.2720032,2334,11.8184996,830.9689941,0,0,0,0.475366,4,0
85.0728989,1841,25.8792,809.6939697,0,2,0,0.511249,3,0
180.5670013,1613,22.8239994,1009.48999,0,0,0,0.462606,2,0
116.5650024,713,23.1989994,870.9910278,4,0,3,0.362878,2,0
30.9638004,1807,2.7818899,803.4069824,2,0,0,0.12629,1,0
143.2969971,1765,15.9518003,1187.449951,2,0,2,0.657447,2,0
136.7619934,2260,20.9666996,910.4110107,0,0,0,0.372079,2,0
0,1598,10.3888998,709.7600098,2,0,1,0.337444,4,1
139.927002,1626,34.4528999,815.9039917,4,0,2,0.444187,4,1
33.6901016,1715,22.8139,1151.819946,0,0,0,0.430875,2,1
50.8067017,1840,19.2621994,828.4699707,0,0,0,0.546042,2,0
45,1097,13.9006996,1029.709961,0,0,0,0.331269,4,1
335.3529968,1213,21.2891998,1081.599976,0,0,0,0.260912,4,1
279.5539856,1723,23.1105003,1197.060059,0,0,2,0.299017,2,1
140.7109985,1844,19.5610008,825.8770142,4,3,0,0.383787,2,1
100.3050003,719,5.3228502,935.0430298,4,3,0,0.419569,3,1
325.95401,1864,20.4111996,1208.469971,0,0,0,0.390685,2,0
201.0379944,1563,6.6206899,712.5930176,0,0,0,0.285842,4,1
192.0950012,2158,6.80409,827.9310303,0,0,0,0.601636,4,0
272.6029968,1736,10.3993998,1181.469971,2,0,0,0.291926,3,0
102.9950027,1451,9.4681301,693.039978,3,0,3,0.230352,2,1
93.8141022,1864,32.0625,1358.199951,0,0,0,0.633925,2,0
11.1598997,1009,31.9766998,962.7420044,0,2,0,0.427472,4,0
179.326004,2029,19.5037003,766.2639771,0,0,0,0.415437,4,0
106.5350037,1799,29.0888996,779.2579956,0,0,0,0.602286,4,0
213.6900024,1596,21.3356991,805.5230103,0,0,0,0.495949,3,0
225,1757,0.675206,1225.910034,0,0,0,0.371447,2,0
290.3760071,1856,8.8425102,763.401001,0,0,0,0.208888,2,1
61.6069984,2007,19.3153,1261.150024,0,0,0,0.19564,3,0
322.125,1816,33.6279984,809.2789917,0,0,0,0.429174,4,1
184.8990021,1934,16.3167,838.1430054,0,0,0,0.141512,2,1
313.8540039,1940,16.4195004,960.3079834,0,0,0,0.413347,2,0
329.2070007,1223,25.6501999,736.2999878,0,0,1,0.328463,2,1
164.2910004,1875,15.4834003,809.8839722,4,0,0,0.117447,2,1
66.8013992,1732,10.7798004,802.9299927,2,2,0,0.0297757,3,1
158.003006,1366,34.1595001,960.9639893,2,0,0,0.60485,4,1
115.7099991,981,14.0213003,993.0349731,0,1,0,0.187614,4,1
246.0379944,1952,22.3117008,747.276001,0,0,0,0.332017,4,0
23.0912991,1647,30.2984009,705.3109741,0,2,4,0.317004,4,0
291.8009949,1989,7.6675801,811.6610107,1,0,0,0.561036,4,0
73.3834,1510,39.7102013,726.552002,0,0,3,0.504239,2,1
69.1022034,833,13.7826996,907.9030151,4,0,0,0.481429,2,0
78.0239029,1787,15.7017002,1218.920044,4,0,0,0.16869,4,1
53.1301003,1754,7.12502,749.6589966,0,0,0,0.207643,4,1
351.8699951,1741,10.0249996,803.2520142,3,0,0,0.308413,2,1
127.4049988,1951,10.1119003,1106.650024,3,0,0,0.598644,4,1
6.3401899,1137,18.7563,876.0770264,0,0,2,0.203734,4,1
58.4486008,1121,15.5731001,848.4229736,4,0,1,0.101047,2,1
201.3090057,1795,32.2360992,1165.5,2,0,1,0.648502,2,1
220.4620056,1179,20.4251995,956.8280029,0,0,0,0.328447,2,0
256.1029968,2075,39.7844009,806.4470215,0,0,0,0.560345,4,1
64.7222977,1630,18.3540993,1331.430054,2,0,0,0.509779,2,1
176.3480072,2018,11.1021996,1040.949951,4,0,0,0.296364,2,1
207.5529938,2227,12.1988001,839.1989746,0,0,0,0.258431,4,0
350.8380127,1721,7.45401,737.4689941,1,0,1,0.408052,2,1
89.5102997,1693,25.9901009,779.2000122,0,2,0,0.556402,3,0
72.8380966,2227,30.6711006,814.4689941,0,0,0,0.700235,4,0
45.9239998,1665,20.0716,771.1279907,0,0,2,0.265896,2,1
207.5820007,1550,17.4825001,1135.839966,0,0,0,0.413462,4,0
173.6600037,1732,2.16079,770.2529907,4,0,3,0.245597,1,0
343.6640015,1708,26.7329006,839.9500122,0,0,0,0.420336,4,1
225.6820068,1613,26.3358994,927.3619995,0,0,0,0.552095,2,0
315,1592,12.2994003,770.4290161,3,0,0,0.313506,3,0
168.6900024,1793,9.6462202,790.072998,2,0,0,0.226499,3,0
27.0720997,1591,11.8910999,768.4359741,0,1,1,0.430293,2,1
99.7435989,1959,22.7110996,860.7319946,0,0,0,0.536383,4,1
291.8009949,1809,17.4393005,807.5499878,4,0,0,0.427075,1,1
90,1568,4.7636399,724.3950195,4,0,4,0.326292,2,0
320.946991,1529,15.8743,726.7340088,0,0,0,0.521245,2,1
80.882103,1851,18.8714008,834.3549805,0,0,0,0.410849,2,1
178.1519928,2005,21.1914005,854.5029907,0,3,0,0.119279,3,1
276.8429871,2190,5.9892201,1043.890015,0,0,0,0.348376,2,0
327.6329956,1083,46.4174004,986.90802,0,3,0,0.437615,2,0
45,883,23.8425999,939.5380249,0,0,0,0.317752,2,0
41.5834007,2017,21.5790005,1046.400024,0,0,0,0.534659,2,0
137.5449982,1726,14.8650999,1227.01001,4,0,0,0.60958,4,0
299.7449951,1921,31.1601009,854.9790039,1,0,0,0.439932,2,1
232.253006,1546,18.0925007,1194.619995,0,0,0,0.388868,2,1
171.2089996,784,22.2430992,908.5599976,2,0,0,0.286359,1,1
286.928009,1254,5.7204299,790.0720215,0,2,1,0.131911,4,1
357.7090149,1807,22.6361008,795.9760132,0,0,0,0.348957,2,1
248.9620056,1986,16.1814003,1210.900024,4,0,3,0.537623,3,0
219.8059998,2243,18.0263004,1286.060059,0,0,0,0.619924,2,0
115.8799973,1877,25.0676003,1284.790039,0,0,1,0.243174,2,1
28.5400009,1824,15.1283998,798.5009766,1,0,0,0.436656,3,1
24.8483009,1602,34.3787994,796.8270264,4,3,3,0.482064,4,0
342.8240051,2115,13.4884005,1056.459961,0,0,0,0.422315,2,0
93.5763016,2252,7.6092901,1252.660034,0,0,0,0.643528,2,0
259.7780151,586,27.3178005,911.0750122,1,0,3,0.322318,2,0
60.1540985,2031,30.3731003,797.7490234,0,0,0,0.479062,4,1
157.4790039,2753,10.4777002,1260.420044,0,0,0,0.666714,2,0
18.4349003,1884,16.8595009,833.9190063,4,0,0,0.306779,3,1
154.8320007,2002,20.9123001,797.7069702,2,0,0,0.474266,2,0
180.7640076,1897,17.3554993,805.0560303,4,0,0,0.424871,3,1
320.7109985,1788,30.6338005,1145.819946,0,0,0,0.502348,3,1
172.3760071,2136,28.0972004,1234.869995,0,0,0,0.433345,2,0
143.9730072,1628,24.3887005,982.8330078,4,0,0,0.560087,2,0
140.2740021,1834,21.0389996,1068.400024,0,0,0,0.270492,4,1
349.9920044,1396,16.0510998,980.3640137,0,0,0,0.0573181,2,1
308.8840027,1785,18.3596001,1209.939941,0,0,2,0.404921,2,0
141.9109955,2163,21.3929996,779.0930176,0,0,0,0.495747,4,0
114.2279968,1345,20.0788002,742.4559937,4,0,4,0.333116,2,1
225,1936,29.2397995,810.2550049,3,2,2,0.300907,3,1
339.1019897,1816,13.7826996,1170.290039,4,0,0,0.233358,4,1
88.4517975,2034,24.8285007,1257.219971,0,0,0,0.625773,2,0
287.2409973,1769,20.7845001,1260.949951,0,0,2,0.351723,2,1
117.2549973,2360,17.1891994,905.3829956,0,0,0,0.559607,2,0
34.9025002,1965,23.6016998,774.0460205,4,0,0,0.566399,4,0
90.9821014,1458,36.1022987,907.3969727,0,0,2,0.472889,2,0
285.3959961,1471,30.8118992,1135.430054,0,0,0,0.344916,2,1
45,806,5.3859801,940.2529907,4,2,0,0.156006,4,1
21.8013992,2042,7.6675801,840.4899902,0,0,0,0.493402,3,0
293.8389893,1676,21.3929996,872.7849731,1,0,0,0.479405,4,0
107.3539963,1170,15.6094999,829.7969971,3,0,3,0.207645,2,0
295.3460083,1669,9.9372702,779.5930176,0,0,0,0.2473,3,1
11.1129999,1769,25.4349995,726.8140259,4,0,0,0.391867,4,1
247.4570007,1436,25.5573997,1054.359985,0,0,0,0.475684,2,0
42.0262985,2062,24.4340992,831.539978,0,0,0,0.294256,2,1
322.5559998,1878,30.2220001,806.5089722,0,0,0,0.285593,4,1
257.0050049,1318,15.5333004,733.8540039,3,2,2,0.226765,4,1
116.9169998,1426,31.2777004,743.367981,0,2,1,0.30422,2,0
315,1812,2.0248699,818.8469849,2,0,0,0.27174,1,0
21.3705997,1636,5.8755698,740.6069946,1,1,1,0.280555,1,1
1.21887,1815,21.3929996,822.9069824,0,0,0,0.396836,2,1
122.2419968,1728,17.7556,806.5180054,0,0,0,0.337283,3,1
348.3410034,1668,15.0043001,766.9379883,3,2,0,0.239111,2,1
17.3540001,1625,22.7374001,753,2,0,1,0.390798,2,0
354.1740112,1884,11.5976,806.4180298,0,0,0,0.16261,4,1
184.6349945,1939,17.1891994,828.0170288,4,3,0,0.126104,2,1
304.04599,1381,10.5398998,689.3959961,0,0,0,0.175902,4,1
59.7967987,683,17.9013996,909.7999878,4,1,2,0.317715,2,1
18.0042,724,19.3153,848.4689941,4,0,3,0.487274,2,1
281.3099976,967,27.0170994,910.8859863,0,3,0,0.337962,4,0
47.0096016,695,18.5765991,918.2080078,3,1,0,0.566651,3,1
41.1120987,1286,31.3134995,1028.790039,0,0,0,0.35,4,1
123.6900024,1203,35.7957993,1158.109985,4,0,1,0.516114,2,0
348.2749939,1800,12.7097998,870.1799927,3,3,0,0.457135,4,0
148.7610016,1886,16.5555,827.4619751,4,3,0,0.522262,2,0
134.3899994,1909,28.9834995,820.3540039,0,0,0,0.484651,2,1
327.9689941,1572,44.9347,818,4,0,4,0.320119,2,1
233.3789978,2277,37.536499,904.6019897,0,3,0,0.278036,2,1
159.3049927,1945,11.3338003,825.6749878,4,0,0,0.418053,3,1
320,575,19,968,4,0,0,0.359,2,0
136.8480072,1746,20.0788002,776.4769897,4,0,0,0.51189,3,1
10.7389002,1690,26.1947994,988.5960083,3,0,0,0.267527,2,1
180.8549957,1000,15.5995998,915.3510132,3,1,0,0.165987,2,1
112.7509995,1439,22.7917995,811.6420288,0,0,0,0.407899,4,1
317.7929993,1493,35.9664001,1116.180054,0,0,0,0.150402,4,0
108.4349976,2045,20.2507,821.2470093,4,0,0,0.296605,2,1
128.1569977,1201,8.4394503,723.9160156,0,0,0,0.465386,2,0
97.3412018,1499,34.4025993,1144.680054,0,0,0,0.604588,2,0
247.2489929,2200,22.7917995,872.0770264,0,0,0,0.419915,2,1
98.6334,1709,38.8325005,1147.729981,0,0,0,0.616246,2,0
230.9060059,2197,9.7480297,843.9199829,0,0,0,0.515916,4,1
355.4710083,1847,40.1744995,756.6140137,0,0,0,0.427654,4,0
77.8812027,1864,34.7857018,1024.959961,4,0,0,0.610861,4,0
279.1369934,1557,31.1105995,810.9260254,0,0,2,0.372232,4,0
306.5289917,1881,15.6424999,853.6859741,0,0,0,0.449244,3,0
115.5599976,1885,11.9947004,785.1820068,0,0,0,0.466529,2,1
262.5039978,2095,17.7133007,853.9990234,0,0,0,0.4328,4,0
20.0951996,738,19.9920998,839.3629761,0,0,3,0.534644,2,0
81.8699036,1893,14.8511,828.2819824,0,0,0,0.247145,2,1
76.476799,1682,18.7036991,1252.430054,4,0,0,0.303559,4,1
2.72631,631,14.7242002,892.6929932,3,1,0,0.22864,3,0
212.9049988,1852,4.8225398,830.3720093,4,2,0,0.354502,2,0
55.3047981,1865,11.1800003,790.6859741,0,0,0,0.504254,3,0
357.1380005,1539,26.5937004,750.9470215,0,3,3,0.430724,2,1
145.6199951,1736,5.47927,799.7650146,1,0,0,0.338583,2,1
297.8970032,1641,4.5823102,777.0759888,2,0,0,0.485079,3,0
35.0957985,1814,20.6487999,752.2189941,0,0,2,0.398996,4,0
228.5399933,1556,29.7985001,1232.560059,2,0,0,0.567277,2,1
276.6099854,1282,44.3431015,908.1929932,0,0,0,0.365572,2,0
131.4680023,1942,25.5573997,1030.790039,0,0,0,0.371213,2,0
2.6630001,1625,19.7339993,1017.119995,0,0,0,0.27379,2,0
40.4261017,1763,23.9102993,1214.76001,4,0,0,0.344551,4,1
341.5650024,2071,17.5484009,900.3060303,0,0,0,0.518226,4,0
29.4274998,1171,20.4626999,1002.450012,0,0,0,0.391831,2,0
144.8410034,1656,30.3743,1145.599976,0,0,0,0.210681,2,0
320.8070068,1790,19.2621994,748.815979,3,0,0,0.490401,3,0
161.5650024,2171,17.5484009,872.6879883,2,0,0,0.503724,3,1
311.2359924,1601,24.1707001,721.3079834,0,0,0,0.491183,4,1
252.473999,1967,26.4789009,837.4310303,1,3,0,0.514253,2,0
139.8439941,1897,19.2341995,800.5939941,0,0,0,0.255764,2,1
37.5685997,834,7.7827802,935.4990234,0,3,0,0.451471,4,0
160.201004,2132,6.3175502,880.5889893,0,0,0,0.42931,2,0
303.6900024,1514,18.2891998,676.7919922,3,0,3,0.248142,4,1
30.0685997,2259,20.0979996,793.9500122,0,0,0,0.55951,3,0
298.3009949,1745,10.4568996,785.5529785,4,0,4,0.445019,2,1
355.9140015,1802,13.1662998,1207.630005,4,0,0,0.26433,4,1
61.6991997,1117,20.2600994,1026.959961,0,0,0,0.417101,4,1
92.4896011,1168,10.8600998,786.0739746,4,1,3,0.481764,2,0
47.0273018,1522,33.6745987,1039.390015,0,2,0,0.365822,4,1
79.8544998,1495,21.9060993,993.8519897,1,0,0,0.336058,4,1
202.4790039,1769,14.6568003,763.3560181,0,0,0,0.264079,2,1
265.5150146,1568,40.4513016,759,0,0,3,0.33722,4,0
46.5481987,1398,23.5671997,967.1500244,0,0,0,0.376299,4,1
107.6500015,1498,10.8900995,735.9439697,0,3,3,0.323329,2,1
271.9750061,884,13.5937996,955.7119751,0,3,0,0.427053,3,0
71.5650024,2551,18.9104004,1245.459961,0,0,0,0.68816,4,0
78.1976013,2039,29.7000999,855.3759766,3,0,0,0.502771,3,1
220.8650055,1705,26.1214008,695.4719849,1,0,3,0.435568,4,0
296.4599915,624,45.5469017,903.4290161,0,0,3,0.300592,2,0
64.6986008,1766,26.8834,787.7509766,0,0,2,0.381158,3,1
316.1019897,2042,17.0387001,812.8469849,1,0,0,0.487766,3,0
66.9745026,1739,19.9097996,786.710022,0,2,0,0.390476,2,0
144.7819977,1917,19.1271,877.2860107,0,1,0,0.3863,2,1
26.5650997,2155,2.1343,1244.589966,0,0,0,0.115677,2,0
194.6569977,2210,15.6392002,865.289978,0,0,0,0.210833,2,1
115.2330017,1876,21.8377991,834.7780151,4,0,0,0.395427,3,1
72.8973007,1427,12.7726002,688.0390015,0,0,0,0.191311,4,1
128.5709991,1719,22.8320007,757.2199707,4,0,3,0.537322,3,1
61.2939987,2168,21.7542,859.6550293,4,0,0,0.626496,4,1
86.1518021,920,42.9617004,1048.619995,0,0,4,0.572959,2,0
211.5879974,2007,38.2207985,838.7109985,0,0,0,0.519406,4,0
320.3559875,1969,10.7242002,837.0469971,1,0,0,0.161719,4,0
92.8830032,2170,30.1095009,960.3839722,0,0,0,0.0601953,4,1
353.7839966,1789,22.9440002,732.0269775,3,0,0,0.458542,4,0
261.5289917,1651,11.1992998,798.5960083,0,0,0,0.146295,4,1
183.8139954,2363,26.6159,872.9169922,0,0,0,0.574513,4,0
317.8340149,1789,30.7896996,796.3850098,0,0,0,0.472779,4,0
142.0379944,1672,25.6839008,1248.469971,4,0,0,0.345552,2,1
4.8207698,1869,19.1399002,1235.540039,0,0,0,0.532081,2,0
318.1799927,1574,11.9947004,990.9990234,0,0,0,0.21594,2,0
243.7330017,1622,35.585701,822.1599731,0,1,1,0.425042,4,0
85.6013031,636,9.2566795,899.6129761,4,3,0,0.396032,4,1
312.7539978,1704,16.7387009,906.7210083,4,0,0,0.565339,2,0
113.0250015,2285,19.9097996,1120.300049,0,0,0,0.613221,4,0
99.4623032,1584,8.6466703,741.3300171,0,0,3,0.14314,2,1
350.5379944,576,14.2221003,911.7130127,3,2,0,0.307627,3,1
39.8055992,1870,27.5051994,1150.599976,0,0,0,0.505958,4,0
139.3509979,1331,28.5321007,923.3070068,0,0,0,0.62689,2,0
113.3440018,1914,23.3220005,847.8189697,0,0,0,0.552643,3,0
51.3401985,1763,3.0543699,778.7940063,4,0,3,0.0517049,1,0
63.4348984,1591,10.5553999,881.3809814,4,0,0,0.182055,2,1
251.5650024,1981,12.6254997,841.5900269,0,0,0,0.108567,3,1
155.923996,1783,23.2185993,818.9320068,0,0,0,0.44451,3,1
142.2749939,2137,15.5995998,1053.02002,0,0,0,0.640181,2,0
180,830,14.4847002,903.4589844,0,0,0,0.362967,2,1
70.9422989,1749,13.6287003,782.0189819,0,0,0,0.334472,4,1
1.09469,1944,33.1962013,841.0969849,0,0,0,0.506711,3,0
101.3099976,2225,14.3029003,862.2410278,0,0,0,0.477932,2,1
217.875,1731,18.3945999,990.992981,0,0,0,0.30089,2,0
106.6989975,1845,14.6282997,807.75,0,0,0,0.116806,2,1
125.9810028,1723,20.6002007,1142.23999,0,0,0,0.578037,2,1
196.4490051,633,24.5209999,914.117981,0,1,2,0.137979,3,1
304.3150024,1468,17.6310997,1004.960022,0,0,0,0.420861,4,1
163.9259949,1548,27.0974007,926.1669922,0,0,0,0.429249,2,0
53.972599,556,6.46663,851.7529907,4,0,1,0.421305,2,0
149.9949951,833,34.3420982,891.0209961,4,0,0,0.274355,2,0
341.0119934,1610,39.3378983,779.4539795,4,0,4,0.377032,4,0
261.8699951,1905,30.5090008,865.1480103,0,0,0,0.320189,2,0
354.6679993,1389,17.4249001,984.1560059,0,0,0,0.530369,2,0
81.6560974,665,32.2799988,849.9299927,4,0,0,0.301816,2,0
306.3049927,1398,26.8708992,764.7670288,4,2,4,0.344158,4,0
70.5297012,1518,23.6303005,759.1350098,0,0,0,0.412116,2,1
184.7640076,2109,16.7539005,859.6380005,0,0,0,0.230912,2,1
125.1809998,1732,17.2740002,1159.890015,4,0,0,0.430755,2,0
129.0939941,522,9.7480297,922.742981,4,0,4,0.395001,4,1
304.1140137,1797,8.8674402,816.4470215,0,0,0,0.477343,4,0
241.5039978,1875,9.4215803,805.5170288,3,0,0,0.325413,2,0
217.0570068,1687,14.3504,861.2750244,0,0,0,0.28888,2,1
83.9909973,1479,17.6623001,779.2269897,4,1,4,0.282668,3,1
6.1886201,1730,19.1807995,1265.089966,4,0,0,0.271283,4,1
262.5190125,1601,22.5893002,712.0449829,2,0,1,0.343466,4,1
166.7590027,2497,8.2804298,951.8599854,0,2,0,0.391692,2,0
147.9949951,1847,8.9356298,812.0269775,0,0,0,0.319525,3,1
280.696991,1828,37.3530998,805.0720215,2,2,2,0.467926,3,1
146.9759979,1495,11.2427998,774.4439697,0,1,3,0.337762,3,1
42.8788986,1316,25.5303001,946.539978,3,0,0,0.302587,2,0
98.2759018,1201,24.8514996,1003.380005,0,0,0,0.393684,2,0
45,2044,25.5149994,806.9060059,0,0,0,0.603955,4,1
315,1494,17.9570007,916.9580078,0,0,0,0.492589,2,0
30.2563992,820,13.0366001,944.8880005,0,0,0,0.361252,2,0
145.0809937,2002,15.0733995,838.6459961,0,0,0,0.425781,3,0
86.7294998,1918,16.2852993,800.5150146,0,0,0,0.421751,3,1
119.0550003,1724,18.9416008,1182.900024,4,0,0,0.272693,4,0
64.5366974,1584,21.1891994,1118.040039,3,0,0,0.470788,4,1
317.0830078,1420,17.9680996,975.7199707,3,0,0,0.488542,2,0
124.875,1747,9.51443,806.072998,0,0,0,0.456294,2,1
39.8055992,1874,14.5925999,1018.320007,4,0,0,0.470013,2,1
63.0834007,1766,31.2777004,779.3579712,2,0,2,0.399923,1,1
6.95296,1726,18.9934006,844.7689819,0,0,0,0.202094,3,1
271.7359924,1541,7.8326302,680.7399902,3,0,2,0.309269,4,1
154.1340027,1357,31.4347992,966.8629761,0,0,0,0.339754,2,0
93.7313995,896,37.5349007,892.5100098,0,0,0,0.466877,2,0
264.368988,1586,16.5555,750.8909912,0,0,0,0.39683,2,0
317.526001,2074,21.8549004,886.6099854,0,0,0,0.552242,2,1
230.2619934,2210,24.2148991,819.2020264,0,0,0,0.539074,4,0
340.7409973,1852,20.1196003,1177.410034,4,0,0,0.114611,4,1
126.8700027,1561,7.12502,1014.159973,0,0,0,0.425053,2,0
72.8240967,2151,13.4884005,806.3189697,0,0,0,0.681346,4,0
165.9640045,462,1.96786,863.315979,0,0,4,0.272739,2,0
251.3280029,1710,32.5269012,1152.229981,0,0,0,0.169197,2,1
231.7100067,1596,5.7596202,989.4760132,3,0,0,0.267591,2,0
342.0960083,1713,29.6499996,1193.829956,0,0,3,0.102942,2,1
228.8139954,1620,10.0467997,1022.729981,0,0,0,0.34488,2,0
135,1299,3.0357201,741.4869995,4,0,4,0.299695,3,1
71.5650024,1231,12.6254997,930.2739868,0,3,1,0.183565,2,1
247.4429932,1579,30.3932991,1037.680054,0,0,0,0.474087,4,1
123.6900024,1623,8.5437298,698.4299927,0,3,4,0.391155,4,0
217.5189972,1671,30.4713001,1161.98999,4,0,0,0.473833,4,1
261.0270081,1938,9.1067495,773.7490234,0,0,0,0.370341,4,1
115.677002,1796,25.6788006,819.4329834,1,0,1,0.292014,2,0
294.5379944,1860,22.8500996,817.5120239,1,1,1,0.435149,3,0
329.6419983,1628,34.0597992,790.9180298,0,0,4,0.426185,4,1
344.2489929,689,9.5834398,884.3270264,0,0,0,0.285004,2,1
185.7109985,891,18.5205994,917.4840088,0,0,0,0.265212,2,1
83.1251984,1363,30.6151009,1142.969971,0,0,3,0.406796,2,0
3.9909101,2473,19.7584991,1217.449951,0,0,0,0.639847,2,0
51.1702003,1731,12.3689003,782.5,3,1,0,0.477187,2,0
64.5366974,1904,30.1774006,760.8049927,0,0,0,0.668911,4,0
155.8540039,1630,7.5431499,773.4459839,3,0,0,0.28681,3,0
79.439003,1880,26.5713997,804.6820068,4,0,0,0.283705,3,1
232.3059998,1820,13.0446997,811.117981,0,0,0,0.20341,2,1
91.6365967,1928,16.2665005,762.5250244,0,0,0,0.229607,4,1
350.8380127,1807,21.4304008,783.1270142,0,0,0,0.430285,3,0
181.6849976,1625,15.8256998,1027.359985,0,0,0,0.479235,2,0
337.1090088,2260,22.1490993,833.3779907,0,0,0,0.425739,4,0
84.2071991,1690,30.0258007,1153.98999,1,0,0,0.187067,4,1
67.2490005,643,7.9732299,881.2509766,3,0,1,0.373193,2,1
21.8013992,1418,12.6466999,758.4650269,4,1,4,0.171914,4,1
101.3099976,1448,17.6765003,975.96698,0,0,0,0.490885,2,0
177.5099945,1959,20.9916,768.4290161,0,0,0,0.392421,4,1
0.93919,674,26.9489002,904.5109863,0,0,4,0.522649,2,0
30.2031994,819,17.9013996,895.2440186,0,0,0,0.392722,4,0
135.923996,1900,20.0716,749.2979736,3,0,3,0.543994,4,0
292.32901,737,26.7707005,840.0009766,0,0,0,0.334229,2,0
133.0249939,2124,9.7029305,817.7659912,0,0,0,0.429742,4,0
231.0090027,2081,6.4231501,838.414978,0,0,0,0.0788043,3,1
103.2409973,1638,36.0424995,800.4580078,4,0,0,0.462827,2,1
317.8989868,1623,24.9906006,935.0369873,0,0,0,0.169018,2,1
348.2070007,1824,21.1735001,1192.98999,0,0,1,0.437724,2,1
85.1008987,1330,23.7064991,821.4819946,0,0,1,0.468548,2,0
263.5409851,2118,41.6362991,877.8599854,0,0,0,0.488386,2,1
306.723999,1236,18.1336994,945.9799805,0,0,0,0.348972,2,0
115.6409988,1370,24.8055,1036.400024,0,0,0,0.537033,2,0
316.6369934,1904,11.6578999,833.4489746,3,0,0,0.480576,2,0
172.0930023,1851,16.8505001,1002.650024,0,0,0,0.37146,2,1
153.0039978,1499,13.9195995,1243.880005,4,0,0,0.34747,3,1
4.2363901,1741,12.7139997,768.2440186,0,0,0,0.344558,4,1
12.4259005,1455,14.1295004,749.7069702,0,0,0,0.334424,2,1
231.7100067,1603,21.9720001,763.9249878,0,0,4,0.22598,4,1
82.1847,1722,12.1061001,729.4249878,4,0,4,0.423598,4,0
184.3990021,1544,3.1096301,772.1610107,0,1,2,0.152274,4,0
43.0584984,1933,19.1807995,806.1019897,3,0,0,0.576577,3,1
11.3099003,1903,14.3029003,763.9819946,0,0,0,0.497682,2,0
251.5650024,1588,14.7630997,713.9099731,3,0,3,0.327267,4,1
131.423996,1889,33.4748001,1103.189941,2,0,0,0.537539,4,1
68.1986008,1886,15.0699997,814.1329956,0,0,0,0.410044,2,1
16.6208,1991,30.2283993,1057.26001,0,0,0,0.350673,2,1
16.7420006,1688,28.1550007,728.960022,4,0,0,0.387024,4,0
153.4349976,1751,16.6014996,752.1240234,4,1,0,0.31809,1,1
249.9440002,2034,15.6127996,1217.339966,1,0,0,0.274786,2,0
260.4630127,889,27.8400002,877.7109985,0,0,1,0.293257,2,0
214.5919952,2100,16.3603992,1240.630005,4,0,0,0.36971,3,1
316.9530029,1411,27.4223995,963.5759888,1,0,0,0.460602,2,0
120.5299988,1008,48.5409012,927.7730103,0,0,2,0.530095,4,0
61.3139,1629,26.7234001,808.0130005,3,3,3,0.42462,3,0
136.6369934,1976,22.4234009,783.5549927,0,0,0,0.350357,4,1
312.3370056,1816,26.8990002,1166.890015,4,0,0,0.291626,3,1
231.4830017,1562,14.6246996,932.71698,0,0,0,0.446181,2,0
237.1549988,1492,21.3952007,980.0360107,2,0,3,0.526419,2,0
350.2179871,2158,36.3418007,892.8779907,0,0,0,0.425502,3,0
61.6991997,1657,17.0979004,1149.939941,0,0,2,0.365585,2,1
55.7388992,2117,19.1807995,842.2559814,2,0,0,0.319181,4,1
325.0079956,1307,11.4995003,692.46698,0,0,2,0.20652,2,1
205.201004,1138,8.89851,930.7280273,0,0,0,0.480397,2,0
134.6970062,1041,48.0792999,920.4699707,0,0,3,0.393089,4,0
12.3808002,1391,27.6861,1245.869995,2,0,0,0.622708,2,1
140.598999,632,16.8022995,949.9760132,4,0,3,0.279849,2,0
270,1573,14.4847002,776.7180176,3,1,0,0.561241,3,1
203.9620056,1588,13.8323002,1086.76001,0,0,0,0.548679,2,0
71.5650024,1629,1.5095299,733.309021,2,0,4,0.0444639,1,0
279.7820129,1719,36.3418007,1174.52002,0,0,4,0.505273,2,1
111.038002,1748,9.8764696,1045.579956,0,0,0,0.197149,2,1
202.2180023,1816,17.7217999,800.2919922,3,3,0,0.243119,3,1
248.9620056,1962,9.8764696,831.1030273,3,0,0,0.199057,2,1
330.6109924,1315,22.5893002,973.2349854,4,0,0,0.385763,2,0
302.4710083,1739,3.1096301,772.0360107,4,0,2,0.147009,1,0
158.4989929,1946,8.40658,796.1539917,0,0,0,0.197414,4,0
275.1940002,1795,2.63503,804.5609741,0,0,4,0.186468,1,0
226.8480072,2154,28.7355995,838.0599976,0,0,0,0.464426,3,1
291.8009949,1709,7.6675801,809.7050171,4,0,0,0.49347,2,1
333.4349976,1858,18.5419998,815.617981,2,0,0,0.350641,2,0
186.5200043,1572,16.3603992,784.1409912,0,1,3,0.444959,3,1
87.8788986,1966,18.6613998,850.223999,0,1,0,0.461077,2,1
57.9945984,1369,21.4589005,734.5100098,0,0,0,0.37738,2,1
78.6901016,462,2.43314,867.3959961,0,0,4,0.499262,2,0
304.8240051,1850,13.1421003,825.5059814,2,0,0,0.303953,2,1
103.8610001,1523,18.2865009,894.9899902,0,0,0,0.27597,2,0
281.3099976,1679,11.9947004,750.0219727,3,0,4,0.295677,4,0
198.4349976,1474,16.8595009,880.6229858,0,0,2,0.50173,2,0
192.529007,910,8.7356901,923.7369995,0,0,0,0.488411,4,0
222.1009979,1559,24.9906006,1032.319946,1,0,0,0.527789,4,0
156.477005,1908,21.1198997,775.6049805,4,0,1,0.361236,3,0
41.1859016,1642,10.0467997,994.8499756,4,0,0,0.292857,4,1
89.2748032,748,18.2212009,909.9790039,3,2,0,0.231583,2,0
37.875,1833,8.1112804,817.9520264,1,1,0,0.363871,2,1
350.1659851,1538,17.5969009,800.7109985,0,0,0,0.37664,3,1
353.8529968,2056,28.5814991,807.7030029,1,0,0,0.440763,2,1
105.8320007,1601,16.1814003,693.117981,2,0,4,0.309064,3,0
14.2068005,1740,34.1805,1037.459961,0,0,0,0.388986,4,1
272.7260132,1220,9.9372702,684.315979,4,0,4,0.241127,4,1
204.076004,632,23.2185993,858.7119751,1,0,3,0.231484,2,0
205.5339966,792,35.9412003,904.8250122,1,0,0,0.263331,2,0
304.79599,1250,16.6657009,871.3939819,4,0,0,0.420587,4,1
163.0720062,1610,5.7204299,755.5560303,2,0,2,0.322332,2,0
211.9080048,2126,14.5818005,842.210022,0,0,0,0.322793,2,1
31.4295998,1759,9.9702597,778.4390259,4,0,0,0.347794,2,0
98.8417969,1872,10.7444,766.1539917,0,0,0,0.199649,4,0
47.0096016,1596,18.5765991,792.776001,4,0,3,0.51887,4,1
100.3050003,2124,5.3228502,833.7890015,0,0,0,0.329136,2,0
232.3860016,1291,17.7894001,832.059021,3,0,0,0.445876,2,1
48.5035019,1937,16.1338997,852.9699707,0,0,0,0.119216,2,1
27.8241005,1413,34.1543999,931.5479736,0,0,0,0.48684,2,0
112.6200027,2472,18.0042,905.8449707,0,0,0,0.642596,2,0
298.8559875,1146,13.1218996,693.5939941,2,0,4,0.251542,3,1
69.2276993,1731,7.36374,769.6859741,1,0,0,0.214029,3,1
255.9640045,2094,33.1375008,835.7839966,0,0,0,0.535252,4,0
59.6763992,1152,14.3504,693.6060181,2,0,4,0.173722,3,1
147.0950012,1924,14.2035999,812.367981,3,0,0,0.14118,2,1
19.2306995,1650,20.7823009,738.1749878,4,0,0,0.287099,2,1
134.2039948,1791,22.9918003,818.2910156,0,0,0,0.220696,2,1
351.0270081,2265,13.5197001,848.2769775,0,0,0,0.183012,4,1
82.3758011,1089,28.0972004,918.914978,3,3,1,0.27532,4,1
46.9524994,2012,27.4223995,875.7949829,0,0,0,0.525626,3,0
131.1000061,1833,37.9407997,746.0050049,1,0,3,0.538345,4,0
250.8209991,1057,22.0902996,928.257019,0,0,0,0.268894,2,0
207.4080048,1778,14.2221003,818.4539795,2,0,0,0.26105,4,1
20.1362991,1667,14.9104996,750.2210083,1,2,0,0.381151,2,1
345.256012,1970,9.2981997,852.1209717,0,0,0,0.344038,2,1
202.2489929,2013,11.2041998,836.3599854,0,0,0,0.440746,3,0
22.3801003,1896,17.0356998,810.0809937,4,0,0,0.266062,1,1
352.875,1485,28.2572994,759.8380127,0,0,0,0.353267,2,1
341.5650024,1183,1.5095299,721.9680176,4,0,4,0.362753,2,1
232.8529968,1266,9.7873201,662.7390137,3,0,4,0.436056,4,1
214.7779999,1925,20.0643997,830.8900146,0,0,0,0.334783,4,0
67.5035019,1269,24.0596008,1077.569946,0,0,0,0.227048,4,1
161.5650024,466,0.754894,873.7780151,4,0,3,0.365535,2,0
162.6459961,1386,15.6094999,759.664978,4,0,4,0.414236,3,1
215.7890015,2173,12.4551001,862.848999,2,0,0,0.239602,2,1
320.5450134,793,31.3743,919.6710205,0,0,0,0.350674,4,0
172.875,2187,25.1875,1222.479981,0,0,0,0.191859,2,0
86.6334991,1803,8.0769997,817.802002,4,2,0,0.374148,2,1
226.0050049,2186,18.5685997,881.625,0,0,0,0.457673,2,0
180.7640076,1654,17.3554993,1069.5,0,0,0,0.583701,2,0
148.2409973,2035,17.1569004,839.3099976,0,0,0,0.396046,4,0
100.0080032,1831,16.0510998,821.5650024,1,0,0,0.348984,2,1
222.6139984,1491,8.0563602,749.9459839,2,0,2,0.244571,4,0
241.1439972,1486,13.1218996,949.8140259,3,0,3,0.0767832,2,1
96.4992981,1415,18.3297997,1039.420044,2,0,0,0.515874,2,0
248.4290009,2060,10.9049997,1197.310059,0,0,2,0.656595,2,0
357.54599,888,30.2793007,870.6110229,1,0,2,0.35272,2,0
92.9107971,1497,26.2110996,962.9370117,0,3,2,0.52356,4,1
342.0310059,1835,17.9598007,796.2969971,3,0,0,0.290389,2,1
205.345993,1680,19.3103008,975.1309814,0,0,0,0.415482,4,1
251.0299988,1669,15.7475004,737.5510254,0,0,0,0.218482,2,1
165.9640045,2020,9.7480297,841.5390015,1,0,0,0.156776,3,0
353.6600037,615,4.3154502,852.7399902,4,0,1,0.265792,2,0
5.11731,1331,29.2735996,912.0650024,0,0,0,0.446693,2,0
358.1520081,2046,7.36374,827.9550171,0,0,0,0.227436,2,1
350.5379944,2006,16.9165001,833.9099731,0,0,0,0.327267,2,0
61.7711983,1605,24.1928005,765.9680176,0,0,0,0.30515,2,1
133.9190063,2040,17.3467999,783.0709839,0,0,0,0.312327,4,1
132.4440002,1567,33.4496994,987.9420166,0,0,0,0.575023,2,0
34.4389992,1647,19.4762001,978.0570068,0,0,0,0.2764,4,1
245.5559998,2223,8.5889301,888.2990112,0,0,0,0.239928,2,1
295.9419861,2493,18.9260006,942.6699829,0,0,0,0.453287,2,0
266.1860046,899,20.5977993,911.4719849,0,0,0,0.375746,2,0
211.5350037,775,23.2772007,822.7719727,1,0,4,0.330595,2,0
295.4079895,1099,20.2553997,820.7769775,4,0,4,0.511832,2,1
178.727005,1770,10.6222,777.6309814,3,0,4,0.24669,3,1
41.467701,1631,25.5573997,855.7290039,0,0,0,0.580202,4,0
116.5650024,1795,17.5769997,1188.359985,0,0,0,0.581931,2,1
260.6400146,2021,21.0209007,778.0549927,0,0,0,0.472226,4,0
295.6409912,1478,13.0121002,1107.219971,0,0,0,0.538647,3,0
121.7590027,2074,17.1569004,794.34198,0,0,0,0.546611,4,0
47.9608994,1804,18.8922005,1270.339966,4,0,0,0.158178,4,1
345.7630005,1972,16.0671005,789.4949951,4,0,0,0.350004,3,1
125.538002,1560,14.0847998,981.4719849,1,0,1,0.405702,2,1
351.8699951,1774,10.0249996,796.1420288,0,0,2,0.354701,3,1
31.7150993,2023,23.5538006,827.2979736,0,0,0,0.565489,3,1
295.0960083,2084,19.9752007,1244.650024,0,0,0,0.53988,2,0
333.4349976,1647,11.5836,769.2659912,3,0,0,0.455622,3,1
90.4440994,1604,28.2586994,1183.01001,0,0,0,0.677821,2,0
280.6199951,1059,7.72541,954.4400024,0,0,0,0.564275,4,0
340.2009888,1954,12.4850998,790.4979858,0,0,0,0.150491,2,1
80.134201,938,11.0089998,858.5250244,4,0,1,0.150694,2,1
82.0304031,1803,22.8180008,814.4660034,3,0,0,0.3847,2,1
121.3499985,2090,22.9997005,854,0,3,0,0.101318,2,1
303.9769897,1373,24.809,977.9990234,0,0,0,0.382794,2,1
16.2602005,1642,22.6198997,867.1500244,0,0,0,0.496045,4,1
315,1849,12.6212997,824.4219971,1,1,0,0.182174,2,0
16.9274998,1301,5.7204299,718.572998,4,0,1,0.320404,2,1
254.147995,1491,19.3330002,692.2299805,3,0,3,0.149634,4,1
141.3399963,574,14.9384003,881.6729736,1,0,0,0.51292,2,0
262.4049988,2177,7.1874099,811.9140015,0,0,0,0.167905,4,0
168.0709991,1724,16.8234005,1252.390015,4,0,0,0.521131,2,0
344.2489929,2018,18.6588001,844.3790283,0,0,0,0.331215,2,1
183.3659973,1106,26.4132004,928.3709717,3,2,0,0.475489,2,1
128.2899933,1480,16.8353996,1026.949951,0,0,0,0.484279,2,0
160.6410065,1660,26.1149006,784.75,2,0,1,0.550348,2,1
142.352005,1008,36.3804016,807.4840088,0,0,0,0.314189,2,0
287.4249878,1539,30.8917007,769.6640015,4,1,0,0.564412,3,1
158.9620056,1690,6.6206899,997.9420166,0,0,0,0.388001,2,1
209.2489929,1809,13.4294004,800.0490112,4,0,0,0.309349,3,1
176.423996,1143,14.9591999,951.0549927,0,0,0,0.497758,2,0
165.651001,1298,20.2980003,1016.390015,3,0,3,0.217087,4,1
310.0299988,1685,15.2206001,1191.329956,0,0,0,0.643952,2,0
143.4550018,1497,23.7898006,760.1170044,4,0,0,0.332387,4,0
157.1349945,1638,20.5723,962.4569702,0,0,0,0.356887,2,1
101.5090027,1761,43.2202988,1217.439941,0,0,0,0.233059,2,1
112.0680008,1874,26.5219994,830.2919922,0,0,0,0.37214,3,1
260.0960083,1919,28.0550995,831.9039917,0,0,0,0.454618,3,0
251.5650024,1576,4.5202298,850.8359985,4,0,0,0.144378,2,1
109.0410004,1599,26.4773006,1181.800049,0,0,1,0.277275,2,1
237.7660065,1977,37.7169991,902.809021,0,0,0,0.526825,4,0
130.8399963,1231,18.0014,954.4290161,2,0,0,0.546436,4,0
212.470993,1630,3.1096301,758.1339722,4,0,0,0.211651,1,0
208.5299988,708,35.2466011,906.4689941,0,3,4,0.300387,3,0
31.7014008,1627,18.4188004,1122.790039,3,0,0,0.177639,4,1
266.7600098,1501,23.8633003,847.2700195,0,0,0,0.546609,2,1
185.1940002,1736,2.63503,780.0739746,0,1,1,0.418517,2,0
202.8339996,987,9.7480297,930.177002,4,0,0,0.443534,2,1
180,1817,11.3099003,782.7819824,2,0,0,0.260897,3,0
343.5230103,1776,17.1450996,799.7789917,0,0,0,0.125902,2,1
261.4039917,1413,35.9348984,814.2410278,2,1,0,0.443864,4,0
60.5928001,2232,27.7499008,897.4310303,0,0,0,0.63275,2,1
146.3099976,1598,11.8774996,1011.25,1,0,0,0.386817,2,0
189.8659973,1823,21.2604008,1027.040039,0,0,0,0.185158,2,1
212.9889984,1806,15.8093996,734.6870117,0,0,3,0.288919,4,0
10.0691004,907,24.3614006,922.8709717,4,1,0,0.273367,4,1
202.8999939,1280,46.3801003,966.3259888,0,0,0,0.50723,2,0
285.6900024,1140,37.6096001,891.927002,0,0,1,0.45145,2,0
350.6650085,1454,31.6536999,702.6729736,3,0,0,0.335526,4,1
